,timestamp,distance,enhanced_speed,enhanced_altitude,140,power,cycle_length16,heart_rate,cadence,activity_type,fractional_cadence,107,135,136,143,position_lat,position_long,accumulated_power,vertical_oscillation,stance_time,vertical_ratio,step_length,l__is_running__b,l__cadence__steps per min,l__gct__ms,l__fsa__deg,l__total_distance__m,l__stride_count__strides,r__is_running__b,r__cadence__steps per min,r__gct__ms,r__fsa__deg,r__total_distance__m,r__stride_count__strides,l__vgrf_curve_bn_0__,l__vgrf_curve_bn_1__,l__vgrf_curve_bn_2__,l__vgrf_curve_bn_3__,r__vgrf_curve_bn_0__,r__vgrf_curve_bn_1__,r__vgrf_curve_bn_2__,r__vgrf_curve_bn_3__,l__stride_length__m,l__speed__mps,l__vgrf_avg__bw,l__vgrf_active_peak__bw,l__lr__bwps,r__stride_length__m,r__speed__mps,r__vgrf_avg__bw,r__vgrf_active_peak__bw,r__lr__bwps
0,2025-12-17 15:57:25+00:00,0.0,0.0,115.79999999999995,0,0,0.0,110,0,running,0.0,0,118,110,66,,,,,,,,0,0,0,0,0,0,0,0,0,0,0,0,0.0,0.0,0.0,0.0,0.0,0.0,0.0,0.0,0.0,0.0,0.0,0.0,0.0,0.0,0.0,0.0,0.0,0.0
1,2025-12-17 15:57:26+00:00,0.0,0.0,115.79999999999995,0,0,0.0,109,0,running,0.0,0,113,109,66,,,,,,,,0,0,0,0,0,0,0,0,0,0,0,0,0.0,0.0,0.0,0.0,0.0,0.0,0.0,0.0,0.0,0.0,0.0,0.0,0.0,0.0,0.0,0.0,0.0,0.0
2,2025-12-17 15:57:27+00:00,0.0,0.0,115.79999999999995,0,0,0.0,109,0,running,0.0,0,113,109,66,,,,,,,,0,0,0,0,0,0,0,0,0,0,0,0,0.0,0.0,0.0,0.0,0.0,0.0,0.0,0.0,0.0,0.0,0.0,0.0,0.0,0.0,0.0,0.0,0.0,0.0
3,2025-12-17 15:57:28+00:00,0.0,0.0,115.60000000000002,0,0,520.11,109,0,running,0.0,1,113,109,66,542901493.0,-1465390820.0,,,,,,0,0,0,0,0,0,0,0,0,0,0,0,0.0,0.0,0.0,0.0,0.0,0.0,0.0,0.0,0.0,0.0,0.0,0.0,0.0,0.0,0.0,0.0,0.0,0.0
4,2025-12-17 15:57:29+00:00,3.31,0.0,115.60000000000002,0,0,0.0,108,0,running,0.0,1,94,108,66,542901092.0,-1465390823.0,,,,,,0,0,0,0,0,0,0,0,0,0,0,0,0.0,0.0,0.0,0.0,0.0,0.0,0.0,0.0,0.0,0.0,0.0,0.0,0.0,0.0,0.0,0.0,0.0,0.0
5,2025-12-17 15:57:30+00:00,3.62,0.0,115.60000000000002,0,0,526.56,108,0,running,0.0,1,94,108,66,542901061.0,-1465390915.0,,,,,,0,0,0,0,0,0,0,0,0,0,0,0,0.0,0.0,0.0,0.0,0.0,0.0,0.0,0.0,0.0,0.0,0.0,0.0,0.0,0.0,0.0,0.0,0.0,0.0
6,2025-12-17 15:57:31+00:00,3.62,0.0,115.60000000000002,0,0,0.0,107,0,running,0.0,1,87,107,66,542901004.0,-1465391221.0,,,,,,0,0,0,0,0,0,0,0,0,0,0,0,0.0,0.0,0.0,0.0,0.0,0.0,0.0,0.0,0.0,0.0,0.0,0.0,0.0,0.0,0.0,0.0,0.0,0.0
7,2025-12-17 15:57:32+00:00,5.08,1.67,115.60000000000002,1670,112,526.56,107,81,running,0.0,1,87,107,66,542900826.0,-1465391248.0,112.0,72.1,294.0,11.67,618.0,0,0,0,0,0,0,0,0,0,0,0,0,0.0,0.0,0.0,0.0,0.0,0.0,0.0,0.0,0.0,0.0,0.0,0.0,0.0,0.0,0.0,0.0,0.0,0.0
8,2025-12-17 15:57:33+00:00,5.08,1.838,115.60000000000002,1838,124,0.0,108,83,running,0.5,1,83,108,66,542900703.0,-1465391428.0,236.0,74.1,284.0,11.15,664.0,0,0,0,0,0,0,0,0,0,0,0,0,0.0,0.0,0.0,0.0,0.0,0.0,0.0,0.0,0.0,0.0,0.0,0.0,0.0,0.0,0.0,0.0,0.0,0.0
9,2025-12-17 15:57:34+00:00,7.16,1.838,115.39999999999998,1838,127,526.56,109,83,running,0.5,1,78,109,66,542900437.0,-1465391614.0,363.0,74.1,284.0,11.15,664.0,0,0,0,0,0,0,0,0,0,0,0,0,0.0,0.0,0.0,0.0,0.0,0.0,0.0,0.0,0.0,0.0,0.0,0.0,0.0,0.0,0.0,0.0,0.0,0.0
10,2025-12-17 15:57:35+00:00,9.92,1.838,115.39999999999998,1819,130,0.0,109,83,running,0.5,1,78,109,66,542900740.0,-1465391897.0,493.0,74.1,284.0,11.15,664.0,0,0,0,0,0,0,0,0,0,0,0,0,0.0,0.0,0.0,0.0,0.0,0.0,0.0,0.0,0.0,0.0,0.0,0.0,0.0,0.0,0.0,0.0,0.0,0.0
11,2025-12-17 15:57:36+00:00,11.6,1.885,115.39999999999998,1866,129,526.56,110,83,running,0.5,1,74,110,66,542900849.0,-1465391993.0,622.0,75.3,283.0,11.05,681.0,0,0,0,0,0,0,0,0,0,0,0,0,0.0,0.0,0.0,0.0,0.0,0.0,0.0,0.0,0.0,0.0,0.0,0.0,0.0,0.0,0.0,0.0,0.0,0.0
12,2025-12-17 15:57:37+00:00,13.36,2.155,115.39999999999998,2133,151,0.0,111,83,running,0.5,1,72,111,66,542901021.0,-1465392134.0,773.0,82.3,277.0,10.57,779.0,0,0,0,0,0,0,0,0,0,0,0,0,0.0,0.0,0.0,0.0,0.0,0.0,0.0,0.0,0.0,0.0,0.0,0.0,0.0,0.0,0.0,0.0,0.0,0.0
13,2025-12-17 15:57:38+00:00,14.84,2.146,115.60000000000002,2124,151,0.0,112,83,running,0.5,1,70,112,66,542901234.0,-1465392184.0,924.0,82.2,277.0,10.59,775.0,0,0,0,0,0,0,0,0,0,0,0,0,0.0,0.0,0.0,0.0,0.0,0.0,0.0,0.0,0.0,0.0,0.0,0.0,0.0,0.0,0.0,0.0,0.0,0.0
14,2025-12-17 15:57:39+00:00,16.42,2.146,115.60000000000002,2124,156,526.56,113,79,running,0.0,1,66,113,66,542901414.0,-1465392340.0,1080.0,89.6,290.0,10.99,814.0,0,0,0,0,0,0,0,0,0,0,0,0,0.0,0.0,0.0,0.0,0.0,0.0,0.0,0.0,0.0,0.0,0.0,0.0,0.0,0.0,0.0,0.0,0.0,0.0
15,2025-12-17 15:57:40+00:00,19.23,1.866,115.60000000000002,1847,129,0.0,113,79,running,0.0,1,66,113,66,542901800.0,-1465392419.0,1209.0,80.8,297.0,11.41,708.0,0,0,0,0,0,0,0,0,0,0,0,0,0.0,0.0,0.0,0.0,0.0,0.0,0.0,0.0,0.0,0.0,0.0,0.0,0.0,0.0,0.0,0.0,0.0,0.0
16,2025-12-17 15:57:41+00:00,21.24,1.866,115.60000000000002,1847,129,526.56,114,85,running,0.5,1,58,114,66,542901976.0,-1465392413.0,1338.0,80.8,297.0,11.41,708.0,0,0,0,0,0,0,0,0,0,0,0,0,0.0,0.0,0.0,0.0,0.0,0.0,0.0,0.0,0.0,0.0,0.0,0.0,0.0,0.0,0.0,0.0,0.0,0.0
17,2025-12-17 15:57:42+00:00,23.44,2.239,115.60000000000002,2217,152,0.0,114,85,running,0.5,1,58,114,66,542902249.0,-1465392417.0,1490.0,79.0,267.0,10.11,781.0,0,0,0,0,0,0,0,0,0,0,0,0,0.0,0.0,0.0,0.0,0.0,0.0,0.0,0.0,0.0,0.0,0.0,0.0,0.0,0.0,0.0,0.0,0.0,0.0
18,2025-12-17 15:57:43+00:00,27.55,2.267,115.60000000000002,2244,155,526.56,115,85,running,0.5,1,55,115,66,542902662.0,-1465392524.0,1645.0,79.7,266.0,10.08,790.0,0,0,0,0,0,0,0,0,0,0,0,0,0.0,0.0,0.0,0.0,0.0,0.0,0.0,0.0,0.0,0.0,0.0,0.0,0.0,0.0,0.0,0.0,0.0,0.0
19,2025-12-17 15:57:44+00:00,28.42,2.267,115.60000000000002,2244,162,526.56,115,84,running,0.5,1,55,115,66,542902807.0,-1465392402.0,1807.0,81.4,269.0,10.17,800.0,0,0,0,0,0,0,0,0,0,0,0,0,0.0,0.0,0.0,0.0,0.0,0.0,0.0,0.0,0.0,0.0,0.0,0.0,0.0,0.0,0.0,0.0,0.0,0.0
20,2025-12-17 15:57:45+00:00,30.64,2.342,115.60000000000002,2318,170,526.56,116,84,running,0.5,1,54,116,66,542902995.0,-1465392410.0,1977.0,83.2,267.0,10.07,826.0,0,0,0,0,0,0,0,0,0,0,0,0,0.0,0.0,0.0,0.0,0.0,0.0,0.0,0.0,0.0,0.0,0.0,0.0,0.0,0.0,0.0,0.0,0.0,0.0
21,2025-12-17 15:57:46+00:00,33.12,2.37,115.39999999999998,2332,164,526.56,117,84,running,0.5,1,53,117,66,542903124.0,-1465392884.0,2141.0,85.8,269.0,10.13,846.0,0,0,0,0,0,0,0,0,0,0,0,0,0.0,0.0,0.0,0.0,0.0,0.0,0.0,0.0,0.0,0.0,0.0,0.0,0.0,0.0,0.0,0.0,0.0,0.0
22,2025-12-17 15:57:47+00:00,34.42,2.37,115.39999999999998,2332,163,526.56,117,84,running,0.5,1,53,117,66,542903073.0,-1465393106.0,2304.0,85.8,269.0,10.13,846.0,0,0,0,0,0,0,0,0,0,0,0,0,0.0,0.0,0.0,0.0,0.0,0.0,0.0,0.0,0.0,0.0,0.0,0.0,0.0,0.0,0.0,0.0,0.0,0.0
23,2025-12-17 15:57:48+00:00,35.68,2.37,115.60000000000002,2332,163,514.24,118,81,running,0.5,1,52,118,66,542902845.0,-1465393130.0,2467.0,89.7,275.0,10.34,867.0,0,0,0,0,0,0,0,0,0,0,0,0,0.0,0.0,0.0,0.0,0.0,0.0,0.0,0.0,0.0,0.0,0.0,0.0,0.0,0.0,0.0,0.0,0.0,0.0
24,2025-12-17 15:57:49+00:00,37.85,2.286,115.39999999999998,2250,152,514.24,119,81,running,0.5,1,49,119,66,542902686.0,-1465393244.0,2619.0,87.5,277.0,10.47,836.0,0,0,0,0,0,0,0,0,0,0,0,0,0.0,0.0,0.0,0.0,0.0,0.0,0.0,0.0,0.0,0.0,0.0,0.0,0.0,0.0,0.0,0.0,0.0,0.0
25,2025-12-17 15:57:50+00:00,38.1,2.258,115.39999999999998,2222,149,514.24,119,81,running,0.5,1,49,119,66,542902717.0,-1465393303.0,2768.0,87.0,277.0,10.54,826.0,0,0,0,0,0,0,0,0,0,0,0,0,0.0,0.0,0.0,0.0,0.0,0.0,0.0,0.0,0.0,0.0,0.0,0.0,0.0,0.0,0.0,0.0,0.0,0.0
26,2025-12-17 15:57:51+00:00,38.1,2.249,115.39999999999998,2213,149,500.05,120,80,running,0.5,1,49,120,66,542902801.0,-1465393270.0,2917.0,90.6,284.0,10.75,843.0,0,0,0,0,0,0,0,0,0,0,0,0,0.0,0.0,0.0,0.0,0.0,0.0,0.0,0.0,0.0,0.0,0.0,0.0,0.0,0.0,0.0,0.0,0.0,0.0
27,2025-12-17 15:57:52+00:00,39.8,2.249,115.39999999999998,2213,0,500.05,120,0,running,0.0,1,49,120,66,542902970.0,-1465393211.0,2917.0,,,,,0,0,0,0,0,0,0,0,0,0,0,0,0.0,0.0,0.0,0.0,0.0,0.0,0.0,0.0,0.0,0.0,0.0,0.0,0.0,0.0,0.0,0.0,0.0,0.0
28,2025-12-17 15:57:53+00:00,40.78,2.053,115.60000000000002,2020,0,500.05,120,0,running,0.0,1,49,120,66,542903093.0,-1465393204.0,2917.0,,,,,0,0,0,0,0,0,0,0,0,0,0,0,0.0,0.0,0.0,0.0,0.0,0.0,0.0,0.0,0.0,0.0,0.0,0.0,0.0,0.0,0.0,0.0,0.0,0.0
29,2025-12-17 15:57:54+00:00,41.3,2.006,115.60000000000002,1974,0,500.05,121,0,running,0.0,1,50,121,66,542903123.0,-1465393196.0,2917.0,,,,,0,0,0,0,0,0,0,0,0,0,0,0,0.0,0.0,0.0,0.0,0.0,0.0,0.0,0.0,0.0,0.0,0.0,0.0,0.0,0.0,0.0,0.0,0.0,0.0
30,2025-12-17 15:57:55+00:00,42.16,1.95,115.60000000000002,1919,0,500.05,121,0,running,0.0,1,50,121,66,542903182.0,-1465393128.0,2917.0,,,,,0,0,0,0,0,0,0,0,0,0,0,0,0.0,0.0,0.0,0.0,0.0,0.0,0.0,0.0,0.0,0.0,0.0,0.0,0.0,0.0,0.0,0.0,0.0,0.0
31,2025-12-17 15:57:56+00:00,43.07,1.838,115.60000000000002,1809,0,443.27,122,0,running,0.0,1,49,122,66,542903240.0,-1465393016.0,2917.0,,,,,0,0,0,0,0,0,0,0,0,0,0,0,0.0,0.0,0.0,0.0,0.0,0.0,0.0,0.0,0.0,0.0,0.0,0.0,0.0,0.0,0.0,0.0,0.0,0.0
32,2025-12-17 15:57:57+00:00,43.07,0.0,115.60000000000002,0,0,443.27,122,0,running,0.0,1,49,122,66,542903255.0,-1465392948.0,2917.0,,,,,0,0,0,0,0,0,0,0,0,0,0,0,0.0,0.0,0.0,0.0,0.0,0.0,0.0,0.0,0.0,0.0,0.0,0.0,0.0,0.0,0.0,0.0,0.0,0.0
33,2025-12-17 15:57:58+00:00,43.74,0.0,115.39999999999998,0,0,443.27,123,0,running,0.0,1,47,123,66,542903309.0,-1465392884.0,2917.0,,,,,0,0,0,0,0,0,0,0,0,0,0,0,0.0,0.0,0.0,0.0,0.0,0.0,0.0,0.0,0.0,0.0,0.0,0.0,0.0,0.0,0.0,0.0,0.0,0.0
34,2025-12-17 15:57:59+00:00,44.41,0.0,115.39999999999998,0,0,443.27,123,0,running,0.0,1,47,123,66,542903358.0,-1465392844.0,2917.0,,,,,0,0,0,0,0,0,0,0,0,0,0,0,0.0,0.0,0.0,0.0,0.0,0.0,0.0,0.0,0.0,0.0,0.0,0.0,0.0,0.0,0.0,0.0,0.0,0.0
35,2025-12-17 15:58:00+00:00,44.41,0.0,115.39999999999998,0,0,342.49,123,0,running,0.0,1,47,123,66,542903350.0,-1465392914.0,2917.0,,,,,0,0,0,0,0,0,0,0,0,0,0,0,0.0,0.0,0.0,0.0,0.0,0.0,0.0,0.0,0.0,0.0,0.0,0.0,0.0,0.0,0.0,0.0,0.0,0.0
36,2025-12-17 15:58:01+00:00,44.84,0.0,115.39999999999998,0,0,342.49,123,0,running,0.0,1,47,123,66,542903413.0,-1465392875.0,2917.0,,,,,0,0,0,0,0,0,0,0,0,0,0,0,0.0,0.0,0.0,0.0,0.0,0.0,0.0,0.0,0.0,0.0,0.0,0.0,0.0,0.0,0.0,0.0,0.0,0.0
37,2025-12-17 15:58:02+00:00,46.01,0.0,115.39999999999998,0,0,0.0,123,0,running,0.0,1,47,123,66,542903476.0,-1465392742.0,2917.0,,,,,0,0,0,0,0,0,0,0,0,0,0,0,0.0,0.0,0.0,0.0,0.0,0.0,0.0,0.0,0.0,0.0,0.0,0.0,0.0,0.0,0.0,0.0,0.0,0.0
38,2025-12-17 15:58:03+00:00,46.82,0.308,115.60000000000002,305,0,0.0,123,0,running,0.0,1,47,123,66,542903539.0,-1465392666.0,2917.0,,,,,0,0,0,0,0,0,0,0,0,0,0,0,0.0,0.0,0.0,0.0,0.0,0.0,0.0,0.0,0.0,0.0,0.0,0.0,0.0,0.0,0.0,0.0,0.0,0.0
39,2025-12-17 15:58:04+00:00,46.9,0.308,115.60000000000002,305,43,0.0,123,57,running,0.5,1,47,123,66,542903609.0,-1465392625.0,2960.0,49.8,,,,0,0,0,0,0,0,0,0,0,0,0,0,0.0,0.0,0.0,0.0,0.0,0.0,0.0,0.0,0.0,0.0,0.0,0.0,0.0,0.0,0.0,0.0,0.0,0.0
40,2025-12-17 15:58:05+00:00,48.07,0.504,115.60000000000002,499,47,0.0,124,57,running,0.5,1,41,124,66,542903657.0,-1465392498.0,3007.0,51.4,,,,0,0,0,0,0,0,0,0,0,0,0,0,0.0,0.0,0.0,0.0,0.0,0.0,0.0,0.0,0.0,0.0,0.0,0.0,0.0,0.0,0.0,0.0,0.0,0.0
41,2025-12-17 15:58:06+00:00,49.25,0.551,115.39999999999998,546,0,0.0,124,0,running,0.0,1,41,124,66,542903736.0,-1465392426.0,3007.0,,,,,0,0,0,0,0,0,0,0,0,0,0,0,0.0,0.0,0.0,0.0,0.0,0.0,0.0,0.0,0.0,0.0,0.0,0.0,0.0,0.0,0.0,0.0,0.0,0.0
42,2025-12-17 15:58:07+00:00,50.31,0.69,115.39999999999998,684,0,,124,0,running,0.0,1,41,124,66,542903813.0,-1465392302.0,3007.0,,,,,0,0,0,0,0,0,0,0,0,0,0,0,0.0,0.0,0.0,0.0,0.0,0.0,0.0,0.0,0.0,0.0,0.0,0.0,0.0,0.0,0.0,0.0,0.0,0.0
43,2025-12-17 15:58:08+00:00,50.49,0.784,115.39999999999998,777,0,0.0,124,0,running,0.0,1,41,124,66,542903777.0,-1465392213.0,3007.0,,,,,0,0,0,0,0,0,0,0,0,0,0,0,0.0,0.0,0.0,0.0,0.0,0.0,0.0,0.0,0.0,0.0,0.0,0.0,0.0,0.0,0.0,0.0,0.0,0.0
44,2025-12-17 15:58:09+00:00,51.34,0.793,115.39999999999998,786,0,0.0,124,0,running,0.0,1,41,124,66,542903639.0,-1465392197.0,3007.0,,,,,0,0,0,0,0,0,0,0,0,0,0,0,0.0,0.0,0.0,0.0,0.0,0.0,0.0,0.0,0.0,0.0,0.0,0.0,0.0,0.0,0.0,0.0,0.0,0.0
45,2025-12-17 15:58:10+00:00,52.49,0.802,115.39999999999998,795,0,0.0,125,0,running,0.0,1,47,125,66,542903486.0,-1465392282.0,3007.0,,,,,0,0,0,0,0,0,0,0,0,0,0,0,0.0,0.0,0.0,0.0,0.0,0.0,0.0,0.0,0.0,0.0,0.0,0.0,0.0,0.0,0.0,0.0,0.0,0.0
46,2025-12-17 15:58:11+00:00,54.77,0.802,115.39999999999998,795,0,0.0,125,0,running,0.0,1,47,125,66,542903238.0,-1465392438.0,3007.0,,,,,0,0,0,0,0,0,0,0,0,0,0,0,0.0,0.0,0.0,0.0,0.0,0.0,0.0,0.0,0.0,0.0,0.0,0.0,0.0,0.0,0.0,0.0,0.0,0.0
47,2025-12-17 15:58:12+00:00,58.88,0.849,115.60000000000002,841,49,0.0,125,53,running,0.5,1,47,125,66,542902781.0,-1465392665.0,3056.0,54.2,,,,0,0,0,0,0,0,0,0,0,0,0,0,0.0,0.0,0.0,0.0,0.0,0.0,0.0,0.0,0.0,0.0,0.0,0.0,0.0,0.0,0.0,0.0,0.0,0.0
48,2025-12-17 15:58:13+00:00,62.86,1.008,115.39999999999998,999,53,0.0,126,53,running,0.5,1,50,126,66,542902416.0,-1465392805.0,3109.0,55.4,,,,0,0,0,0,0,0,0,0,0,0,0,0,0.0,0.0,0.0,0.0,0.0,0.0,0.0,0.0,0.0,0.0,0.0,0.0,0.0,0.0,0.0,0.0,0.0,0.0
49,2025-12-17 15:58:14+00:00,67.13,3.499,115.20000000000005,3467,165,0.0,126,53,running,0.5,1,50,126,66,542901969.0,-1465392949.0,3274.0,75.6,,3.89,1943.0,0,0,0,0,0,0,0,0,0,0,0,0,0.0,0.0,0.0,0.0,0.0,0.0,0.0,0.0,0.0,0.0,0.0,0.0,0.0,0.0,0.0,0.0,0.0,0.0
50,2025-12-17 15:58:15+00:00,72.31,3.798,115.0,3763,95,0.0,126,0,running,0.0,1,50,126,66,542901356.0,-1465393090.0,3274.0,,,,,0,0,0,0,0,0,0,0,0,0,0,0,0.0,0.0,0.0,0.0,0.0,0.0,0.0,0.0,0.0,0.0,0.0,0.0,0.0,0.0,0.0,0.0,0.0,0.0
51,2025-12-17 15:58:16+00:00,77.79,4.124,115.0,4087,95,0.0,126,0,running,0.0,1,50,126,66,542900781.0,-1465393031.0,3274.0,,,,,0,0,0,0,0,0,0,0,0,0,0,0,0.0,0.0,0.0,0.0,0.0,0.0,0.0,0.0,0.0,0.0,0.0,0.0,0.0,0.0,0.0,0.0,0.0,0.0
52,2025-12-17 15:58:17+00:00,82.78,4.759,114.79999999999995,4716,95,0.0,126,104,running,0.0,1,50,126,66,542900227.0,-1465392978.0,3559.0,80.7,169.0,5.82,1386.0,0,0,0,0,0,0,0,0,0,0,0,0,0.0,0.0,0.0,0.0,0.0,0.0,0.0,0.0,0.0,0.0,0.0,0.0,0.0,0.0,0.0,0.0,0.0,0.0
53,2025-12-17 15:58:18+00:00,88.74,5.001,114.79999999999995,4836,291,0.0,126,104,running,0.0,1,50,126,66,542899539.0,-1465392873.0,3850.0,81.2,159.0,5.63,1442.0,0,0,0,0,0,0,0,0,0,0,0,0,0.0,0.0,0.0,0.0,0.0,0.0,0.0,0.0,0.0,0.0,0.0,0.0,0.0,0.0,0.0,0.0,0.0,0.0
54,2025-12-17 15:58:19+00:00,94.61,5.197,114.79999999999995,5026,299,0.0,125,104,running,0.0,1,64,125,66,542898877.0,-1465392680.0,4149.0,80.8,159.0,5.39,1499.0,0,0,0,0,0,0,0,0,0,0,0,0,0.0,0.0,0.0,0.0,0.0,0.0,0.0,0.0,0.0,0.0,0.0,0.0,0.0,0.0,0.0,0.0,0.0,0.0
55,2025-12-17 15:58:20+00:00,99.31,5.645,114.79999999999995,5459,318,0.0,126,103,running,0.5,1,65,126,66,542898516.0,-1465392356.0,4467.0,80.7,162.0,4.91,1644.0,0,0,0,0,0,0,0,0,0,0,0,0,0.0,0.0,0.0,0.0,0.0,0.0,0.0,0.0,0.0,0.0,0.0,0.0,0.0,0.0,0.0,0.0,0.0,0.0
56,2025-12-17 15:58:21+00:00,104.06,5.645,114.79999999999995,5459,318,0.0,126,103,running,0.0,1,65,126,66,542897996.0,-1465391875.0,4785.0,80.7,162.0,4.91,1644.0,0,0,0,0,0,0,0,0,0,0,0,0,0.0,0.0,0.0,0.0,0.0,0.0,0.0,0.0,0.0,0.0,0.0,0.0,0.0,0.0,0.0,0.0,0.0,0.0
57,2025-12-17 15:58:22+00:00,110.15,5.011,114.79999999999995,4845,267,,125,102,running,0.5,1,67,125,66,542897412.0,-1465391323.0,5052.0,82.3,162.0,5.64,1459.0,0,0,0,0,0,0,0,0,0,0,0,0,0.0,0.0,0.0,0.0,0.0,0.0,0.0,0.0,0.0,0.0,0.0,0.0,0.0,0.0,0.0,0.0,0.0,0.0
58,2025-12-17 15:58:23+00:00,114.95,5.011,114.79999999999995,4845,267,,126,102,running,0.5,1,69,126,66,542897104.0,-1465390765.0,5319.0,82.3,162.0,5.64,1459.0,0,0,0,0,0,0,0,0,0,0,0,0,0.0,0.0,0.0,0.0,0.0,0.0,0.0,0.0,0.0,0.0,0.0,0.0,0.0,0.0,0.0,0.0,0.0,0.0
59,2025-12-17 15:58:24+00:00,119.7,5.095,114.79999999999995,5012,270,,126,102,running,0.5,1,69,126,66,542896901.0,-1465390116.0,5589.0,82.2,162.0,5.53,1483.0,0,0,0,0,0,0,0,0,0,0,0,0,0.0,0.0,0.0,0.0,0.0,0.0,0.0,0.0,0.0,0.0,0.0,0.0,0.0,0.0,0.0,0.0,0.0,0.0
60,2025-12-17 15:58:25+00:00,125.01,5.095,114.79999999999995,5012,271,0.0,126,102,running,0.5,1,69,126,66,542896667.0,-1465389280.0,5860.0,82.2,162.0,5.53,1483.0,0,0,0,0,0,0,0,0,0,0,0,0,0.0,0.0,0.0,0.0,0.0,0.0,0.0,0.0,0.0,0.0,0.0,0.0,0.0,0.0,0.0,0.0,0.0,0.0
61,2025-12-17 15:58:26+00:00,130.64,5.104,114.79999999999995,5062,277,,126,102,running,0.5,1,69,126,66,542896553.0,-1465388380.0,6137.0,82.1,162.0,5.52,1486.0,0,0,0,0,0,0,0,0,0,0,0,0,0.0,0.0,0.0,0.0,0.0,0.0,0.0,0.0,0.0,0.0,0.0,0.0,0.0,0.0,0.0,0.0,0.0,0.0
62,2025-12-17 15:58:27+00:00,135.62,5.216,114.60000000000002,5173,289,0.0,126,102,running,0.5,1,69,126,66,542896588.0,-1465387736.0,6426.0,81.9,162.0,5.39,1519.0,0,0,0,0,0,0,0,0,0,0,0,0,0.0,0.0,0.0,0.0,0.0,0.0,0.0,0.0,0.0,0.0,0.0,0.0,0.0,0.0,0.0,0.0,0.0,0.0
63,2025-12-17 15:58:28+00:00,140.5,5.225,114.60000000000002,5182,287,,126,102,running,0.5,1,69,126,66,542896629.0,-1465386961.0,6713.0,81.9,162.0,5.38,1521.0,0,0,0,0,0,0,0,0,0,0,0,0,0.0,0.0,0.0,0.0,0.0,0.0,0.0,0.0,0.0,0.0,0.0,0.0,0.0,0.0,0.0,0.0,0.0,0.0
64,2025-12-17 15:58:29+00:00,145.91,5.225,114.79999999999995,5245,289,0.0,126,102,running,0.5,1,69,126,66,542896730.0,-1465386048.0,7002.0,81.9,162.0,5.38,1521.0,0,0,0,0,0,0,0,0,0,0,0,0,0.0,0.0,0.0,0.0,0.0,0.0,0.0,0.0,0.0,0.0,0.0,0.0,0.0,0.0,0.0,0.0,0.0,0.0
65,2025-12-17 15:58:30+00:00,151.24,5.216,114.79999999999995,5235,289,0.0,126,102,running,0.5,1,69,126,66,542896886.0,-1465385275.0,7291.0,81.9,162.0,5.39,1519.0,0,0,0,0,0,0,0,0,0,0,0,0,0.0,0.0,0.0,0.0,0.0,0.0,0.0,0.0,0.0,0.0,0.0,0.0,0.0,0.0,0.0,0.0,0.0,0.0
66,2025-12-17 15:58:31+00:00,155.98,5.216,114.79999999999995,5235,284,0.0,127,102,running,0.5,1,76,127,66,542896995.0,-1465384612.0,7575.0,81.9,162.0,5.39,1519.0,0,0,0,0,0,0,0,0,0,0,0,0,0.0,0.0,0.0,0.0,0.0,0.0,0.0,0.0,0.0,0.0,0.0,0.0,0.0,0.0,0.0,0.0,0.0,0.0
67,2025-12-17 15:58:32+00:00,161.1,5.216,114.79999999999995,5235,287,0.0,126,102,running,0.5,1,76,126,66,542897320.0,-1465383867.0,7862.0,81.9,162.0,5.39,1519.0,0,0,0,0,0,0,0,0,0,0,0,0,0.0,0.0,0.0,0.0,0.0,0.0,0.0,0.0,0.0,0.0,0.0,0.0,0.0,0.0,0.0,0.0,0.0,0.0
68,2025-12-17 15:58:33+00:00,165.83,5.16,114.79999999999995,5179,287,0.0,126,102,running,0.5,1,76,126,66,542897643.0,-1465383364.0,8149.0,82.0,162.0,5.46,1502.0,0,0,0,0,0,0,0,0,0,0,0,0,0.0,0.0,0.0,0.0,0.0,0.0,0.0,0.0,0.0,0.0,0.0,0.0,0.0,0.0,0.0,0.0,0.0,0.0
69,2025-12-17 15:58:34+00:00,169.99,5.16,114.79999999999995,5179,290,0.0,126,101,running,0.5,1,76,126,66,542897901.0,-1465382889.0,8439.0,83.5,164.0,5.5,1517.0,0,0,0,0,0,0,0,0,0,0,0,0,0.0,0.0,0.0,0.0,0.0,0.0,0.0,0.0,0.0,0.0,0.0,0.0,0.0,0.0,0.0,0.0,0.0,0.0
70,2025-12-17 15:58:35+00:00,174.59,5.113,115.0,5057,291,0.0,126,101,running,0.5,1,76,126,66,542898314.0,-1465382425.0,8730.0,83.6,164.0,5.55,1503.0,0,0,0,0,0,0,0,0,0,0,0,0,0.0,0.0,0.0,0.0,0.0,0.0,0.0,0.0,0.0,0.0,0.0,0.0,0.0,0.0,0.0,0.0,0.0,0.0
71,2025-12-17 15:58:36+00:00,179.36,5.029,115.0,4974,291,0.0,126,101,running,0.5,1,76,126,66,542898817.0,-1465382050.0,9021.0,83.7,164.0,5.66,1479.0,0,0,0,0,0,0,0,0,0,0,0,0,0.0,0.0,0.0,0.0,0.0,0.0,0.0,0.0,0.0,0.0,0.0,0.0,0.0,0.0,0.0,0.0,0.0,0.0
72,2025-12-17 15:58:37+00:00,183.92,5.001,115.0,4947,292,0.0,127,101,running,0.5,1,77,127,66,542899234.0,-1465381827.0,9313.0,83.8,164.0,5.69,1470.0,0,0,0,0,0,0,0,0,0,0,0,0,0.0,0.0,0.0,0.0,0.0,0.0,0.0,0.0,0.0,0.0,0.0,0.0,0.0,0.0,0.0,0.0,0.0,0.0
73,2025-12-17 15:58:38+00:00,189.26,4.992,114.79999999999995,4936,295,0.0,126,101,running,0.5,1,79,126,66,542899847.0,-1465381568.0,9608.0,83.8,164.0,5.71,1468.0,0,0,0,0,0,0,0,0,0,0,0,0,0.0,0.0,0.0,0.0,0.0,0.0,0.0,0.0,0.0,0.0,0.0,0.0,0.0,0.0,0.0,0.0,0.0,0.0
74,2025-12-17 15:58:39+00:00,194.77,4.992,114.79999999999995,4936,297,0.0,126,101,running,0.5,1,79,126,66,542900332.0,-1465381347.0,9905.0,83.8,164.0,5.71,1468.0,0,0,0,0,0,0,0,0,0,0,0,0,0.0,0.0,0.0,0.0,0.0,0.0,0.0,0.0,0.0,0.0,0.0,0.0,0.0,0.0,0.0,0.0,0.0,0.0
75,2025-12-17 15:58:40+00:00,198.95,5.001,115.0,4945,300,0.0,126,101,running,0.5,1,79,126,66,542900715.0,-1465381115.0,10205.0,83.8,164.0,5.69,1470.0,0,0,0,0,0,0,0,0,0,0,0,0,0.0,0.0,0.0,0.0,0.0,0.0,0.0,0.0,0.0,0.0,0.0,0.0,0.0,0.0,0.0,0.0,0.0,0.0
76,2025-12-17 15:58:41+00:00,203.84,5.001,115.0,4945,301,0.0,127,101,running,0.5,1,72,127,66,542901247.0,-1465380906.0,10506.0,83.8,164.0,5.69,1470.0,0,0,0,0,0,0,0,0,0,0,0,0,0.0,0.0,0.0,0.0,0.0,0.0,0.0,0.0,0.0,0.0,0.0,0.0,0.0,0.0,0.0,0.0,0.0,0.0
77,2025-12-17 15:58:42+00:00,210.17,4.983,115.0,4926,301,0.0,128,101,running,0.5,1,70,128,66,542901888.0,-1465380625.0,10807.0,83.8,164.0,5.72,1465.0,0,0,0,0,0,0,0,0,0,0,0,0,0.0,0.0,0.0,0.0,0.0,0.0,0.0,0.0,0.0,0.0,0.0,0.0,0.0,0.0,0.0,0.0,0.0,0.0
78,2025-12-17 15:58:43+00:00,214.82,4.983,115.0,4999,303,0.0,130,101,running,0.0,1,68,130,66,542902318.0,-1465380366.0,11110.0,85.3,166.0,5.76,1479.0,0,0,0,0,0,0,0,0,0,0,0,0,0.0,0.0,0.0,0.0,0.0,0.0,0.0,0.0,0.0,0.0,0.0,0.0,0.0,0.0,0.0,0.0,0.0,0.0
79,2025-12-17 15:58:44+00:00,219.69,5.076,114.79999999999995,5093,313,0.0,131,100,running,0.0,1,62,131,66,542902830.0,-1465380061.0,11423.0,86.7,168.0,5.69,1522.0,0,0,0,0,0,0,0,0,0,0,0,0,0.0,0.0,0.0,0.0,0.0,0.0,0.0,0.0,0.0,0.0,0.0,0.0,0.0,0.0,0.0,0.0,0.0,0.0
80,2025-12-17 15:58:45+00:00,225.52,5.076,114.79999999999995,5111,313,0.0,132,100,running,0.0,1,57,132,66,542903423.0,-1465379787.0,11736.0,86.7,168.0,5.69,1522.0,0,0,0,0,0,0,0,0,0,0,0,0,0.0,0.0,0.0,0.0,0.0,0.0,0.0,0.0,0.0,0.0,0.0,0.0,0.0,0.0,0.0,0.0,0.0,0.0
81,2025-12-17 15:58:46+00:00,230.73,5.076,114.79999999999995,5111,312,0.0,133,101,running,0.0,1,51,133,66,542903928.0,-1465379559.0,12048.0,85.1,166.0,5.65,1507.0,0,0,0,0,0,0,0,0,0,0,0,0,0.0,0.0,0.0,0.0,0.0,0.0,0.0,0.0,0.0,0.0,0.0,0.0,0.0,0.0,0.0,0.0,0.0,0.0
82,2025-12-17 15:58:47+00:00,235.6,5.132,114.79999999999995,5168,318,0.0,134,101,running,0.0,1,49,134,66,542904453.0,-1465379230.0,12366.0,85.0,166.0,5.58,1524.0,0,0,0,0,0,0,0,0,0,0,0,0,0.0,0.0,0.0,0.0,0.0,0.0,0.0,0.0,0.0,0.0,0.0,0.0,0.0,0.0,0.0,0.0,0.0,0.0
83,2025-12-17 15:58:48+00:00,240.96,5.132,114.79999999999995,5168,312,0.0,135,101,running,0.0,1,48,135,66,542905002.0,-1465378912.0,12678.0,85.0,166.0,5.58,1524.0,0,0,0,0,0,0,0,0,0,0,0,0,0.0,0.0,0.0,0.0,0.0,0.0,0.0,0.0,0.0,0.0,0.0,0.0,0.0,0.0,0.0,0.0,0.0,0.0
84,2025-12-17 15:58:49+00:00,245.86,5.132,114.79999999999995,5168,311,0.0,136,101,running,0.0,1,48,136,66,542905476.0,-1465378696.0,12989.0,85.0,166.0,5.58,1524.0,0,0,0,0,0,0,0,0,0,0,0,0,0.0,0.0,0.0,0.0,0.0,0.0,0.0,0.0,0.0,0.0,0.0,0.0,0.0,0.0,0.0,0.0,0.0,0.0
85,2025-12-17 15:58:50+00:00,250.14,5.113,114.79999999999995,5149,309,0.0,137,101,running,0.0,1,46,137,66,542905885.0,-1465378459.0,13298.0,85.1,166.0,5.6,1518.0,0,0,0,0,0,0,0,0,0,0,0,0,0.0,0.0,0.0,0.0,0.0,0.0,0.0,0.0,0.0,0.0,0.0,0.0,0.0,0.0,0.0,0.0,0.0,0.0
86,2025-12-17 15:58:51+00:00,254.92,5.113,114.79999999999995,5109,306,0.0,138,101,running,0.0,1,44,138,66,542906400.0,-1465378172.0,13604.0,85.1,166.0,5.6,1518.0,0,0,0,0,0,0,0,0,0,0,0,0,0.0,0.0,0.0,0.0,0.0,0.0,0.0,0.0,0.0,0.0,0.0,0.0,0.0,0.0,0.0,0.0,0.0,0.0
87,2025-12-17 15:58:52+00:00,259.85,5.076,114.79999999999995,5072,306,0.0,139,100,running,0.0,1,42,139,66,542906925.0,-1465377840.0,13910.0,86.7,168.0,5.69,1522.0,0,0,0,0,0,0,0,0,0,0,0,0,0.0,0.0,0.0,0.0,0.0,0.0,0.0,0.0,0.0,0.0,0.0,0.0,0.0,0.0,0.0,0.0,0.0,0.0
88,2025-12-17 15:58:53+00:00,263.85,5.067,115.0,5062,305,0.0,140,100,running,0.0,1,40,140,66,542907322.0,-1465377566.0,14215.0,86.7,168.0,5.7,1519.0,0,0,0,0,0,0,0,0,0,0,0,0,0.0,0.0,0.0,0.0,0.0,0.0,0.0,0.0,0.0,0.0,0.0,0.0,0.0,0.0,0.0,0.0,0.0,0.0
89,2025-12-17 15:58:54+00:00,268.2,5.048,114.79999999999995,5039,305,0.0,140,100,running,0.0,1,40,140,66,542907832.0,-1465377396.0,14520.0,86.8,168.0,5.73,1514.0,0,0,0,0,0,0,0,0,0,0,0,0,0.0,0.0,0.0,0.0,0.0,0.0,0.0,0.0,0.0,0.0,0.0,0.0,0.0,0.0,0.0,0.0,0.0,0.0
90,2025-12-17 15:58:55+00:00,273.09,5.001,114.60000000000002,4992,303,,141,100,running,0.0,1,39,141,66,542908297.0,-1465377242.0,14823.0,86.9,168.0,5.79,1500.0,0,0,0,0,0,0,0,0,0,0,0,0,0.0,0.0,0.0,0.0,0.0,0.0,0.0,0.0,0.0,0.0,0.0,0.0,0.0,0.0,0.0,0.0,0.0,0.0
91,2025-12-17 15:58:56+00:00,277.84,4.899,114.60000000000002,4890,298,0.0,141,100,running,0.5,1,39,141,66,542908745.0,-1465377107.0,15121.0,84.6,169.0,5.81,1455.0,0,0,0,0,0,0,0,0,0,0,0,0,0.0,0.0,0.0,0.0,0.0,0.0,0.0,0.0,0.0,0.0,0.0,0.0,0.0,0.0,0.0,0.0,0.0,0.0
92,2025-12-17 15:58:57+00:00,283.43,4.871,114.60000000000002,4814,299,0.0,142,100,running,0.5,1,39,142,66,542909485.0,-1465377179.0,15420.0,84.4,170.0,5.83,1446.0,0,0,0,0,0,0,0,0,0,0,0,0,0.0,0.0,0.0,0.0,0.0,0.0,0.0,0.0,0.0,0.0,0.0,0.0,0.0,0.0,0.0,0.0,0.0,0.0
93,2025-12-17 15:58:58+00:00,290.62,4.889,114.60000000000002,4832,298,0.0,142,102,running,0.5,1,39,142,66,542910216.0,-1465377255.0,15718.0,81.7,165.0,5.73,1424.0,0,0,0,0,0,0,0,0,0,0,0,0,0.0,0.0,0.0,0.0,0.0,0.0,0.0,0.0,0.0,0.0,0.0,0.0,0.0,0.0,0.0,0.0,0.0,0.0
94,2025-12-17 15:58:59+00:00,296.03,5.235,114.60000000000002,5173,327,0.0,142,102,running,0.5,1,39,142,66,542910742.0,-1465377509.0,16045.0,81.9,162.0,5.37,1524.0,0,0,0,0,0,0,0,0,0,0,0,0,0.0,0.0,0.0,0.0,0.0,0.0,0.0,0.0,0.0,0.0,0.0,0.0,0.0,0.0,0.0,0.0,0.0,0.0
95,2025-12-17 15:59:00+00:00,300.62,5.309,114.79999999999995,5247,341,0.0,143,101,running,0.5,1,37,143,66,542911199.0,-1465377724.0,16386.0,81.7,162.0,5.28,1546.0,0,0,0,0,0,0,0,0,0,0,0,0,0.0,0.0,0.0,0.0,0.0,0.0,0.0,0.0,0.0,0.0,0.0,0.0,0.0,0.0,0.0,0.0,0.0,0.0
96,2025-12-17 15:59:01+00:00,305.86,5.309,114.79999999999995,5247,345,0.0,143,101,running,0.5,1,37,143,66,542911751.0,-1465378124.0,16731.0,83.1,164.0,5.32,1561.0,0,0,0,0,0,0,0,0,0,0,0,0,0.0,0.0,0.0,0.0,0.0,0.0,0.0,0.0,0.0,0.0,0.0,0.0,0.0,0.0,0.0,0.0,0.0,0.0
97,2025-12-17 15:59:02+00:00,310.03,5.113,114.79999999999995,5119,323,0.0,143,101,running,0.5,1,37,143,66,542912084.0,-1465378439.0,17054.0,83.6,164.0,5.55,1503.0,0,0,0,0,0,0,0,0,0,0,0,0,0.0,0.0,0.0,0.0,0.0,0.0,0.0,0.0,0.0,0.0,0.0,0.0,0.0,0.0,0.0,0.0,0.0,0.0
98,2025-12-17 15:59:03+00:00,314.61,4.908,114.60000000000002,4913,300,0.0,144,101,running,0.5,1,37,144,66,542912485.0,-1465378835.0,17354.0,83.4,166.0,5.77,1443.0,0,0,0,0,0,0,0,0,0,0,0,0,0.0,0.0,0.0,0.0,0.0,0.0,0.0,0.0,0.0,0.0,0.0,0.0,0.0,0.0,0.0,0.0,0.0,0.0
99,2025-12-17 15:59:04+00:00,319.48,4.805,114.60000000000002,4810,296,0.0,144,101,running,0.5,1,37,144,66,542912948.0,-1465379374.0,17650.0,82.7,169.0,5.85,1413.0,0,0,0,0,0,0,0,0,0,0,0,0,0.0,0.0,0.0,0.0,0.0,0.0,0.0,0.0,0.0,0.0,0.0,0.0,0.0,0.0,0.0,0.0,0.0,0.0
100,2025-12-17 15:59:05+00:00,323.94,4.805,114.60000000000002,4810,296,0.0,144,101,running,0.5,1,37,144,66,542913205.0,-1465379928.0,17946.0,82.7,169.0,5.85,1413.0,0,0,0,0,0,0,0,0,0,0,0,0,0.0,0.0,0.0,0.0,0.0,0.0,0.0,0.0,0.0,0.0,0.0,0.0,0.0,0.0,0.0,0.0,0.0,0.0
101,2025-12-17 15:59:06+00:00,327.72,4.824,114.60000000000002,4829,295,0.0,144,102,running,0.5,1,37,144,66,542913427.0,-1465380470.0,18241.0,81.2,167.0,5.78,1405.0,0,0,0,0,0,0,0,0,0,0,0,0,0.0,0.0,0.0,0.0,0.0,0.0,0.0,0.0,0.0,0.0,0.0,0.0,0.0,0.0,0.0,0.0,0.0,0.0
102,2025-12-17 15:59:07+00:00,332.49,4.824,114.60000000000002,4829,294,0.0,145,102,running,0.5,1,38,145,66,542913481.0,-1465381300.0,18535.0,81.2,167.0,5.78,1405.0,0,0,0,0,0,0,0,0,0,0,0,0,0.0,0.0,0.0,0.0,0.0,0.0,0.0,0.0,0.0,0.0,0.0,0.0,0.0,0.0,0.0,0.0,0.0,0.0
103,2025-12-17 15:59:08+00:00,337.52,4.768,114.79999999999995,4773,291,0.0,145,102,running,0.5,1,38,145,66,542913566.0,-1465382106.0,18826.0,81.0,168.0,5.83,1388.0,0,0,0,0,0,0,0,0,0,0,0,0,0.0,0.0,0.0,0.0,0.0,0.0,0.0,0.0,0.0,0.0,0.0,0.0,0.0,0.0,0.0,0.0,0.0,0.0
104,2025-12-17 15:59:09+00:00,341.87,4.759,114.79999999999995,4764,289,0.0,146,102,running,0.5,1,38,146,66,542913603.0,-1465382899.0,19115.0,80.7,169.0,5.82,1386.0,0,0,0,0,0,0,0,0,0,0,0,0,0.0,0.0,0.0,0.0,0.0,0.0,0.0,0.0,0.0,0.0,0.0,0.0,0.0,0.0,0.0,0.0,0.0,0.0
105,2025-12-17 15:59:10+00:00,347.79,4.787,115.0,4824,288,570.6,145,102,running,0.5,1,36,145,66,542913522.0,-1465383809.0,19403.0,81.0,168.0,5.81,1394.0,0,0,0,0,0,0,0,0,0,0,0,0,0.0,0.0,0.0,0.0,0.0,0.0,0.0,0.0,0.0,0.0,0.0,0.0,0.0,0.0,0.0,0.0,0.0,0.0
106,2025-12-17 15:59:11+00:00,355.03,4.824,114.79999999999995,4862,287,0.0,144,101,running,0.5,1,31,144,66,542913166.0,-1465384872.0,19690.0,82.7,169.0,5.82,1418.0,0,0,0,0,0,0,0,0,0,0,0,0,0.0,0.0,0.0,0.0,0.0,0.0,0.0,0.0,0.0,0.0,0.0,0.0,0.0,0.0,0.0,0.0,0.0,0.0
107,2025-12-17 15:59:12+00:00,360.13,4.917,114.79999999999995,4956,295,0.0,144,101,running,0.5,1,31,144,66,542912803.0,-1465385354.0,19985.0,83.4,166.0,5.76,1446.0,0,0,0,0,0,0,0,0,0,0,0,0,0.0,0.0,0.0,0.0,0.0,0.0,0.0,0.0,0.0,0.0,0.0,0.0,0.0,0.0,0.0,0.0,0.0,0.0
108,2025-12-17 15:59:13+00:00,365.92,4.927,114.79999999999995,4965,293,0.0,143,101,running,0.5,1,28,143,66,542912480.0,-1465386057.0,20278.0,83.3,166.0,5.75,1449.0,0,0,0,0,0,0,0,0,0,0,0,0,0.0,0.0,0.0,0.0,0.0,0.0,0.0,0.0,0.0,0.0,0.0,0.0,0.0,0.0,0.0,0.0,0.0,0.0
109,2025-12-17 15:59:14+00:00,372.33,4.955,114.60000000000002,4994,291,0.0,144,101,running,0.5,1,28,144,66,542911899.0,-1465386642.0,20569.0,83.6,165.0,5.73,1457.0,0,0,0,0,0,0,0,0,0,0,0,0,0.0,0.0,0.0,0.0,0.0,0.0,0.0,0.0,0.0,0.0,0.0,0.0,0.0,0.0,0.0,0.0,0.0,0.0
110,2025-12-17 15:59:15+00:00,377.61,5.011,114.60000000000002,5050,293,0.0,143,101,running,0.0,1,26,143,66,542911481.0,-1465386955.0,20862.0,85.3,166.0,5.73,1488.0,0,0,0,0,0,0,0,0,0,0,0,0,0.0,0.0,0.0,0.0,0.0,0.0,0.0,0.0,0.0,0.0,0.0,0.0,0.0,0.0,0.0,0.0,0.0,0.0
111,2025-12-17 15:59:16+00:00,382.86,5.132,114.79999999999995,5172,297,0.0,143,101,running,0.5,1,26,143,66,542911033.0,-1465387409.0,21159.0,85.0,166.0,5.58,1524.0,0,0,0,0,0,0,0,0,0,0,0,0,0.0,0.0,0.0,0.0,0.0,0.0,0.0,0.0,0.0,0.0,0.0,0.0,0.0,0.0,0.0,0.0,0.0,0.0
112,2025-12-17 15:59:17+00:00,388.03,5.141,114.79999999999995,5182,295,0.0,144,101,running,0.5,1,25,144,66,542910442.0,-1465387747.0,21454.0,83.5,164.0,5.52,1512.0,0,0,0,0,0,0,0,0,0,0,0,0,0.0,0.0,0.0,0.0,0.0,0.0,0.0,0.0,0.0,0.0,0.0,0.0,0.0,0.0,0.0,0.0,0.0,0.0
113,2025-12-17 15:59:18+00:00,393.26,5.141,114.79999999999995,5117,292,0.0,144,101,running,0.5,1,25,144,66,542909934.0,-1465387993.0,21746.0,83.5,164.0,5.52,1512.0,0,0,0,0,0,0,0,0,0,0,0,0,0.0,0.0,0.0,0.0,0.0,0.0,0.0,0.0,0.0,0.0,0.0,0.0,0.0,0.0,0.0,0.0,0.0,0.0
114,2025-12-17 15:59:19+00:00,398.76,5.141,114.60000000000002,5117,288,578.08,145,101,running,0.5,1,21,145,66,542909421.0,-1465388356.0,22034.0,83.5,164.0,5.52,1512.0,0,0,0,0,0,0,0,0,0,0,0,0,0.0,0.0,0.0,0.0,0.0,0.0,0.0,0.0,0.0,0.0,0.0,0.0,0.0,0.0,0.0,0.0,0.0,0.0
115,2025-12-17 15:59:20+00:00,404.53,5.141,114.60000000000002,5041,281,0.0,145,101,running,0.0,1,21,145,66,542908761.0,-1465388692.0,22315.0,85.0,166.0,5.56,1527.0,0,0,0,0,0,0,0,0,0,0,0,0,0.0,0.0,0.0,0.0,0.0,0.0,0.0,0.0,0.0,0.0,0.0,0.0,0.0,0.0,0.0,0.0,0.0,0.0
116,2025-12-17 15:59:21+00:00,409.92,5.16,114.39999999999998,5060,281,0.0,145,101,running,0.0,1,21,145,66,542908302.0,-1465388873.0,22596.0,85.0,166.0,5.54,1532.0,0,0,0,0,0,0,0,0,0,0,0,0,0.0,0.0,0.0,0.0,0.0,0.0,0.0,0.0,0.0,0.0,0.0,0.0,0.0,0.0,0.0,0.0,0.0,0.0
117,2025-12-17 15:59:22+00:00,414.72,5.197,114.39999999999998,5096,285,0.0,145,101,running,0.0,1,21,145,66,542907842.0,-1465389129.0,22881.0,84.9,166.0,5.5,1543.0,0,0,0,0,0,0,0,0,0,0,0,0,0.0,0.0,0.0,0.0,0.0,0.0,0.0,0.0,0.0,0.0,0.0,0.0,0.0,0.0,0.0,0.0,0.0,0.0
118,2025-12-17 15:59:23+00:00,419.53,5.197,114.60000000000002,5096,284,0.0,146,101,running,0.0,1,13,146,66,542907262.0,-1465389469.0,23165.0,84.9,166.0,5.5,1543.0,0,0,0,0,0,0,0,0,0,0,0,0,0.0,0.0,0.0,0.0,0.0,0.0,0.0,0.0,0.0,0.0,0.0,0.0,0.0,0.0,0.0,0.0,0.0,0.0
119,2025-12-17 15:59:24+00:00,424.88,5.16,114.39999999999998,5060,280,0.0,146,100,running,0.0,1,13,146,66,542906822.0,-1465389696.0,23445.0,85.0,166.0,5.54,1532.0,0,0,0,0,0,0,0,0,0,0,0,0,0.0,0.0,0.0,0.0,0.0,0.0,0.0,0.0,0.0,0.0,0.0,0.0,0.0,0.0,0.0,0.0,0.0,0.0
120,2025-12-17 15:59:25+00:00,429.75,5.141,114.39999999999998,5041,280,0.0,146,100,running,0.0,1,13,146,66,542906375.0,-1465390035.0,23725.0,86.6,168.0,5.61,1542.0,0,0,0,0,0,0,0,0,0,0,0,0,0.0,0.0,0.0,0.0,0.0,0.0,0.0,0.0,0.0,0.0,0.0,0.0,0.0,0.0,0.0,0.0,0.0,0.0
121,2025-12-17 15:59:26+00:00,434.64,5.123,114.39999999999998,5052,279,285.02,147,100,running,0.0,1,15,147,66,542905880.0,-1465390423.0,24004.0,86.6,168.0,5.63,1536.0,0,0,0,0,0,0,0,0,0,0,0,0,0.0,0.0,0.0,0.0,0.0,0.0,0.0,0.0,0.0,0.0,0.0,0.0,0.0,0.0,0.0,0.0,0.0,0.0
122,2025-12-17 15:59:27+00:00,439.22,5.113,114.39999999999998,5043,279,0.0,147,100,running,0.0,1,15,147,66,542905432.0,-1465390700.0,24283.0,86.6,168.0,5.65,1533.0,0,0,0,0,0,0,0,0,0,0,0,0,0.0,0.0,0.0,0.0,0.0,0.0,0.0,0.0,0.0,0.0,0.0,0.0,0.0,0.0,0.0,0.0,0.0,0.0
123,2025-12-17 15:59:28+00:00,443.56,5.076,114.39999999999998,5006,278,,147,101,running,0.0,1,15,147,66,542904994.0,-1465390965.0,24561.0,86.7,168.0,5.69,1522.0,0,0,0,0,0,0,0,0,0,0,0,0,0.0,0.0,0.0,0.0,0.0,0.0,0.0,0.0,0.0,0.0,0.0,0.0,0.0,0.0,0.0,0.0,0.0,0.0
124,2025-12-17 15:59:29+00:00,448.47,5.001,114.39999999999998,4941,273,0.0,148,101,running,0.0,1,18,148,66,542904518.0,-1465391262.0,24834.0,85.3,166.0,5.74,1485.0,0,0,0,0,0,0,0,0,0,0,0,0,0.0,0.0,0.0,0.0,0.0,0.0,0.0,0.0,0.0,0.0,0.0,0.0,0.0,0.0,0.0,0.0,0.0,0.0
125,2025-12-17 15:59:30+00:00,452.54,4.927,114.39999999999998,4868,271,0.0,148,101,running,0.0,1,18,148,66,542904052.0,-1465391554.0,25105.0,84.9,168.0,5.8,1463.0,0,0,0,0,0,0,0,0,0,0,0,0,0.0,0.0,0.0,0.0,0.0,0.0,0.0,0.0,0.0,0.0,0.0,0.0,0.0,0.0,0.0,0.0,0.0,0.0
126,2025-12-17 15:59:31+00:00,457.16,4.908,114.60000000000002,4849,271,0.0,148,101,running,0.0,1,18,148,66,542903635.0,-1465391804.0,25376.0,84.6,169.0,5.8,1457.0,0,0,0,0,0,0,0,0,0,0,0,0,0.0,0.0,0.0,0.0,0.0,0.0,0.0,0.0,0.0,0.0,0.0,0.0,0.0,0.0,0.0,0.0,0.0,0.0
127,2025-12-17 15:59:32+00:00,462.38,4.805,114.39999999999998,4772,269,0.0,149,100,running,0.0,1,20,149,66,542903048.0,-1465392146.0,25645.0,85.8,173.0,5.95,1441.0,0,0,0,0,0,0,0,0,0,0,0,0,0.0,0.0,0.0,0.0,0.0,0.0,0.0,0.0,0.0,0.0,0.0,0.0,0.0,0.0,0.0,0.0,0.0,0.0
128,2025-12-17 15:59:33+00:00,467.14,4.796,114.39999999999998,4763,270,0.0,149,100,running,0.0,1,20,149,66,542902653.0,-1465392432.0,25915.0,85.5,174.0,5.94,1438.0,0,0,0,0,0,0,0,0,0,0,0,0,0.0,0.0,0.0,0.0,0.0,0.0,0.0,0.0,0.0,0.0,0.0,0.0,0.0,0.0,0.0,0.0,0.0,0.0
129,2025-12-17 15:59:34+00:00,472.48,4.889,114.39999999999998,4856,271,0.0,149,100,running,0.0,1,20,149,66,542902112.0,-1465392731.0,26186.0,86.2,171.0,5.88,1466.0,0,0,0,0,0,0,0,0,0,0,0,0,0.0,0.0,0.0,0.0,0.0,0.0,0.0,0.0,0.0,0.0,0.0,0.0,0.0,0.0,0.0,0.0,0.0,0.0
130,2025-12-17 15:59:35+00:00,478.07,4.889,114.39999999999998,4861,271,,150,100,running,0.0,1,22,150,66,542901518.0,-1465393022.0,26457.0,86.2,171.0,5.88,1466.0,0,0,0,0,0,0,0,0,0,0,0,0,0.0,0.0,0.0,0.0,0.0,0.0,0.0,0.0,0.0,0.0,0.0,0.0,0.0,0.0,0.0,0.0,0.0,0.0
131,2025-12-17 15:59:36+00:00,483.27,4.955,114.39999999999998,4926,281,0.0,150,100,running,0.0,1,22,150,66,542901001.0,-1465393115.0,26738.0,86.7,169.0,5.83,1486.0,0,0,0,0,0,0,0,0,0,0,0,0,0.0,0.0,0.0,0.0,0.0,0.0,0.0,0.0,0.0,0.0,0.0,0.0,0.0,0.0,0.0,0.0,0.0,0.0
132,2025-12-17 15:59:37+00:00,487.62,5.048,114.39999999999998,5018,290,0.0,150,100,running,0.0,1,22,150,66,542900531.0,-1465393194.0,27028.0,86.8,168.0,5.73,1514.0,0,0,0,0,0,0,0,0,0,0,0,0,0.0,0.0,0.0,0.0,0.0,0.0,0.0,0.0,0.0,0.0,0.0,0.0,0.0,0.0,0.0,0.0,0.0,0.0
133,2025-12-17 15:59:38+00:00,491.84,5.048,114.39999999999998,5018,285,,151,100,running,0.0,1,25,151,66,542900012.0,-1465393205.0,27313.0,86.8,168.0,5.73,1514.0,0,0,0,0,0,0,0,0,0,0,0,0,0.0,0.0,0.0,0.0,0.0,0.0,0.0,0.0,0.0,0.0,0.0,0.0,0.0,0.0,0.0,0.0,0.0,0.0
134,2025-12-17 15:59:39+00:00,496.11,4.955,114.39999999999998,4926,275,0.0,151,101,running,0.0,1,25,151,66,542899545.0,-1465392941.0,27588.0,85.1,167.0,5.78,1471.0,0,0,0,0,0,0,0,0,0,0,0,0,0.0,0.0,0.0,0.0,0.0,0.0,0.0,0.0,0.0,0.0,0.0,0.0,0.0,0.0,0.0,0.0,0.0,0.0
135,2025-12-17 15:59:40+00:00,501.2,4.833,114.39999999999998,4805,269,0.0,151,101,running,0.0,1,25,151,66,542899007.0,-1465392708.0,27857.0,84.1,171.0,5.86,1435.0,0,0,0,0,0,0,0,0,0,0,0,0,0.0,0.0,0.0,0.0,0.0,0.0,0.0,0.0,0.0,0.0,0.0,0.0,0.0,0.0,0.0,0.0,0.0,0.0
136,2025-12-17 15:59:41+00:00,507.07,4.833,114.20000000000005,4801,268,0.0,152,101,running,0.0,1,28,152,66,542898410.0,-1465392236.0,28125.0,84.1,171.0,5.86,1435.0,0,0,0,0,0,0,0,0,0,0,0,0,0.0,0.0,0.0,0.0,0.0,0.0,0.0,0.0,0.0,0.0,0.0,0.0,0.0,0.0,0.0,0.0,0.0,0.0
137,2025-12-17 15:59:42+00:00,512.38,4.843,114.20000000000005,4810,268,0.0,152,101,running,0.0,1,28,152,66,542898003.0,-1465391700.0,28393.0,84.4,170.0,5.87,1438.0,0,0,0,0,0,0,0,0,0,0,0,0,0.0,0.0,0.0,0.0,0.0,0.0,0.0,0.0,0.0,0.0,0.0,0.0,0.0,0.0,0.0,0.0,0.0,0.0
138,2025-12-17 15:59:43+00:00,517.86,5.011,114.20000000000005,4977,275,0.0,152,101,running,0.0,1,28,152,66,542897554.0,-1465391223.0,28668.0,85.3,166.0,5.73,1488.0,0,0,0,0,0,0,0,0,0,0,0,0,0.0,0.0,0.0,0.0,0.0,0.0,0.0,0.0,0.0,0.0,0.0,0.0,0.0,0.0,0.0,0.0,0.0,0.0
139,2025-12-17 15:59:44+00:00,522.93,5.029,114.20000000000005,4980,284,0.0,152,101,running,0.0,1,28,152,66,542897153.0,-1465390526.0,28952.0,85.2,166.0,5.7,1493.0,0,0,0,0,0,0,0,0,0,0,0,0,0.0,0.0,0.0,0.0,0.0,0.0,0.0,0.0,0.0,0.0,0.0,0.0,0.0,0.0,0.0,0.0,0.0,0.0
140,2025-12-17 15:59:45+00:00,527.65,5.057,114.0,5008,287,0.0,153,101,running,0.0,1,31,153,66,542896957.0,-1465389915.0,29239.0,85.2,166.0,5.67,1502.0,0,0,0,0,0,0,0,0,0,0,0,0,0.0,0.0,0.0,0.0,0.0,0.0,0.0,0.0,0.0,0.0,0.0,0.0,0.0,0.0,0.0,0.0,0.0,0.0
141,2025-12-17 15:59:46+00:00,532.39,5.057,114.0,5008,287,,153,101,running,0.0,1,31,153,66,542896703.0,-1465389284.0,29526.0,85.2,166.0,5.67,1502.0,0,0,0,0,0,0,0,0,0,0,0,0,0.0,0.0,0.0,0.0,0.0,0.0,0.0,0.0,0.0,0.0,0.0,0.0,0.0,0.0,0.0,0.0,0.0,0.0
142,2025-12-17 15:59:47+00:00,537.84,5.029,114.0,4980,277,0.0,153,100,running,0.0,1,31,153,66,542896542.0,-1465388382.0,29803.0,86.8,168.0,5.75,1508.0,0,0,0,0,0,0,0,0,0,0,0,0,0.0,0.0,0.0,0.0,0.0,0.0,0.0,0.0,0.0,0.0,0.0,0.0,0.0,0.0,0.0,0.0,0.0,0.0
143,2025-12-17 15:59:48+00:00,543.25,5.029,114.20000000000005,4980,277,0.0,153,100,running,0.0,1,31,153,66,542896495.0,-1465387593.0,30080.0,86.8,168.0,5.75,1508.0,0,0,0,0,0,0,0,0,0,0,0,0,0.0,0.0,0.0,0.0,0.0,0.0,0.0,0.0,0.0,0.0,0.0,0.0,0.0,0.0,0.0,0.0,0.0,0.0
144,2025-12-17 15:59:49+00:00,547.96,5.029,114.20000000000005,4980,279,0.0,153,100,running,0.0,1,31,153,66,542896518.0,-1465386880.0,30359.0,86.8,168.0,5.75,1508.0,0,0,0,0,0,0,0,0,0,0,0,0,0.0,0.0,0.0,0.0,0.0,0.0,0.0,0.0,0.0,0.0,0.0,0.0,0.0,0.0,0.0,0.0,0.0,0.0
145,2025-12-17 15:59:50+00:00,553.46,5.029,114.20000000000005,5012,281,0.0,153,100,running,0.0,1,31,153,66,542896650.0,-1465386002.0,30640.0,86.8,168.0,5.75,1508.0,0,0,0,0,0,0,0,0,0,0,0,0,0.0,0.0,0.0,0.0,0.0,0.0,0.0,0.0,0.0,0.0,0.0,0.0,0.0,0.0,0.0,0.0,0.0,0.0
146,2025-12-17 15:59:51+00:00,558.41,5.048,114.20000000000005,5031,284,0.0,154,100,running,0.0,1,33,154,66,542896784.0,-1465385351.0,30924.0,86.8,168.0,5.73,1514.0,0,0,0,0,0,0,0,0,0,0,0,0,0.0,0.0,0.0,0.0,0.0,0.0,0.0,0.0,0.0,0.0,0.0,0.0,0.0,0.0,0.0,0.0,0.0,0.0
147,2025-12-17 15:59:52+00:00,563.1,5.039,114.20000000000005,5021,287,0.0,154,99,running,0.0,1,33,154,66,542897042.0,-1465384775.0,31211.0,88.4,170.0,5.79,1526.0,0,0,0,0,0,0,0,0,0,0,0,0,0.0,0.0,0.0,0.0,0.0,0.0,0.0,0.0,0.0,0.0,0.0,0.0,0.0,0.0,0.0,0.0,0.0,0.0
148,2025-12-17 15:59:53+00:00,567.67,5.039,114.0,5021,289,0.0,154,99,running,0.0,1,33,154,66,542897386.0,-1465384155.0,31500.0,88.4,170.0,5.79,1526.0,0,0,0,0,0,0,0,0,0,0,0,0,0.0,0.0,0.0,0.0,0.0,0.0,0.0,0.0,0.0,0.0,0.0,0.0,0.0,0.0,0.0,0.0,0.0,0.0
149,2025-12-17 15:59:54+00:00,572.82,5.029,114.0,5012,288,0.0,154,100,running,0.0,1,33,154,66,542897718.0,-1465383583.0,31788.0,86.8,168.0,5.75,1508.0,0,0,0,0,0,0,0,0,0,0,0,0,0.0,0.0,0.0,0.0,0.0,0.0,0.0,0.0,0.0,0.0,0.0,0.0,0.0,0.0,0.0,0.0,0.0,0.0
150,2025-12-17 15:59:55+00:00,577.28,5.011,113.79999999999995,4993,290,0.0,154,100,running,0.0,1,33,154,66,542898052.0,-1465383179.0,32078.0,86.8,168.0,5.78,1503.0,0,0,0,0,0,0,0,0,0,0,0,0,0.0,0.0,0.0,0.0,0.0,0.0,0.0,0.0,0.0,0.0,0.0,0.0,0.0,0.0,0.0,0.0,0.0,0.0
151,2025-12-17 15:59:56+00:00,581.87,5.011,113.79999999999995,4993,292,0.0,154,101,running,0.0,1,33,154,66,542898489.0,-1465382747.0,32370.0,86.8,168.0,5.78,1503.0,0,0,0,0,0,0,0,0,0,0,0,0,0.0,0.0,0.0,0.0,0.0,0.0,0.0,0.0,0.0,0.0,0.0,0.0,0.0,0.0,0.0,0.0,0.0,0.0
152,2025-12-17 15:59:57+00:00,585.78,5.001,113.79999999999995,4984,292,0.0,155,101,running,0.0,1,36,155,66,542898802.0,-1465382412.0,32662.0,85.3,166.0,5.74,1485.0,0,0,0,0,0,0,0,0,0,0,0,0,0.0,0.0,0.0,0.0,0.0,0.0,0.0,0.0,0.0,0.0,0.0,0.0,0.0,0.0,0.0,0.0,0.0,0.0
153,2025-12-17 15:59:58+00:00,588.94,4.992,114.0,4975,293,0.0,155,101,running,0.0,1,36,155,66,542899112.0,-1465382148.0,32955.0,85.3,166.0,5.75,1482.0,0,0,0,0,0,0,0,0,0,0,0,0,0.0,0.0,0.0,0.0,0.0,0.0,0.0,0.0,0.0,0.0,0.0,0.0,0.0,0.0,0.0,0.0,0.0,0.0
154,2025-12-17 15:59:59+00:00,592.58,4.964,114.0,4948,294,0.0,155,101,running,0.0,1,36,155,66,542899443.0,-1465381672.0,33249.0,85.1,167.0,5.77,1474.0,0,0,0,0,0,0,0,0,0,0,0,0,0.0,0.0,0.0,0.0,0.0,0.0,0.0,0.0,0.0,0.0,0.0,0.0,0.0,0.0,0.0,0.0,0.0,0.0
155,2025-12-17 16:00:00+00:00,596.58,4.964,114.0,4948,296,,155,100,running,0.0,1,36,155,66,542899819.0,-1465381406.0,33545.0,86.6,169.0,5.82,1489.0,0,0,0,0,0,0,0,0,0,0,0,0,0.0,0.0,0.0,0.0,0.0,0.0,0.0,0.0,0.0,0.0,0.0,0.0,0.0,0.0,0.0,0.0,0.0,0.0
156,2025-12-17 16:00:01+00:00,601.09,4.88,114.0,4864,294,0.0,156,100,running,0.0,1,38,156,66,542900335.0,-1465381176.0,33839.0,86.2,171.0,5.89,1463.0,0,0,0,0,0,0,0,0,0,0,0,0,0.0,0.0,0.0,0.0,0.0,0.0,0.0,0.0,0.0,0.0,0.0,0.0,0.0,0.0,0.0,0.0,0.0,0.0
157,2025-12-17 16:00:02+00:00,607.06,4.805,114.0,4790,293,0.0,156,100,running,0.0,1,38,156,65,542900925.0,-1465380806.0,34132.0,85.8,173.0,5.95,1441.0,0,0,0,0,0,0,0,0,0,0,0,0,0.0,0.0,0.0,0.0,0.0,0.0,0.0,0.0,0.0,0.0,0.0,0.0,0.0,0.0,0.0,0.0,0.0,0.0
158,2025-12-17 16:00:03+00:00,611.55,4.805,114.0,4790,294,0.0,156,99,running,0.0,1,38,156,65,542901333.0,-1465380619.0,34426.0,87.4,175.0,6.0,1456.0,0,0,0,0,0,0,0,0,0,0,0,0,0.0,0.0,0.0,0.0,0.0,0.0,0.0,0.0,0.0,0.0,0.0,0.0,0.0,0.0,0.0,0.0,0.0,0.0
159,2025-12-17 16:00:04+00:00,616.95,4.833,114.0,4818,297,0.0,156,99,running,0.0,1,38,156,65,542901874.0,-1465380324.0,34723.0,87.3,175.0,5.96,1464.0,0,0,0,0,0,0,0,0,0,0,0,0,0.0,0.0,0.0,0.0,0.0,0.0,0.0,0.0,0.0,0.0,0.0,0.0,0.0,0.0,0.0,0.0,0.0,0.0
160,2025-12-17 16:00:05+00:00,622.66,4.899,114.0,4904,301,0.0,156,99,running,0.0,1,38,156,65,542902432.0,-1465379959.0,35024.0,87.8,173.0,5.91,1484.0,0,0,0,0,0,0,0,0,0,0,0,0,0.0,0.0,0.0,0.0,0.0,0.0,0.0,0.0,0.0,0.0,0.0,0.0,0.0,0.0,0.0,0.0,0.0,0.0
161,2025-12-17 16:00:06+00:00,626.81,4.908,114.0,4913,305,0.0,156,99,running,0.0,1,38,156,65,542902808.0,-1465379727.0,35329.0,88.1,172.0,5.92,1487.0,0,0,0,0,0,0,0,0,0,0,0,0,0.0,0.0,0.0,0.0,0.0,0.0,0.0,0.0,0.0,0.0,0.0,0.0,0.0,0.0,0.0,0.0,0.0,0.0
162,2025-12-17 16:00:07+00:00,632.01,4.899,114.0,4904,305,0.0,156,99,running,0.0,1,38,156,65,542903378.0,-1465379363.0,35634.0,87.8,173.0,5.91,1484.0,0,0,0,0,0,0,0,0,0,0,0,0,0.0,0.0,0.0,0.0,0.0,0.0,0.0,0.0,0.0,0.0,0.0,0.0,0.0,0.0,0.0,0.0,0.0,0.0
163,2025-12-17 16:00:08+00:00,637.44,4.917,114.0,4874,305,0.0,156,99,running,0.0,1,38,156,65,542903922.0,-1465379027.0,35939.0,88.1,172.0,5.91,1490.0,0,0,0,0,0,0,0,0,0,0,0,0,0.0,0.0,0.0,0.0,0.0,0.0,0.0,0.0,0.0,0.0,0.0,0.0,0.0,0.0,0.0,0.0,0.0,0.0
164,2025-12-17 16:00:09+00:00,642.7,4.917,114.0,4874,302,0.0,157,99,running,0.0,1,42,157,65,542904357.0,-1465378743.0,36241.0,88.1,172.0,5.91,1490.0,0,0,0,0,0,0,0,0,0,0,0,0,0.0,0.0,0.0,0.0,0.0,0.0,0.0,0.0,0.0,0.0,0.0,0.0,0.0,0.0,0.0,0.0,0.0,0.0
165,2025-12-17 16:00:10+00:00,647.83,4.973,114.0,4929,308,0.0,157,99,running,0.0,1,42,157,65,542904930.0,-1465378414.0,36549.0,88.3,171.0,5.85,1507.0,0,0,0,0,0,0,0,0,0,0,0,0,0.0,0.0,0.0,0.0,0.0,0.0,0.0,0.0,0.0,0.0,0.0,0.0,0.0,0.0,0.0,0.0,0.0,0.0
166,2025-12-17 16:00:11+00:00,654.01,5.001,114.0,4937,312,0.0,157,99,running,0.0,1,42,157,65,542905504.0,-1465378178.0,36861.0,88.5,170.0,5.84,1515.0,0,0,0,0,0,0,0,0,0,0,0,0,0.0,0.0,0.0,0.0,0.0,0.0,0.0,0.0,0.0,0.0,0.0,0.0,0.0,0.0,0.0,0.0,0.0,0.0
167,2025-12-17 16:00:12+00:00,659.4,5.011,114.0,4946,312,0.0,157,100,running,0.0,1,42,157,65,542906008.0,-1465377910.0,37173.0,88.5,170.0,5.83,1518.0,0,0,0,0,0,0,0,0,0,0,0,0,0.0,0.0,0.0,0.0,0.0,0.0,0.0,0.0,0.0,0.0,0.0,0.0,0.0,0.0,0.0,0.0,0.0,0.0
168,2025-12-17 16:00:13+00:00,664.94,5.141,114.0,5075,325,0.0,157,100,running,0.0,1,42,157,65,542906654.0,-1465377545.0,37498.0,86.6,168.0,5.61,1542.0,0,0,0,0,0,0,0,0,0,0,0,0,0.0,0.0,0.0,0.0,0.0,0.0,0.0,0.0,0.0,0.0,0.0,0.0,0.0,0.0,0.0,0.0,0.0,0.0
169,2025-12-17 16:00:14+00:00,671.21,5.151,114.0,5085,324,0.0,157,100,running,0.0,1,42,157,65,542907201.0,-1465377334.0,37822.0,86.5,168.0,5.6,1545.0,0,0,0,0,0,0,0,0,0,0,0,0,0.0,0.0,0.0,0.0,0.0,0.0,0.0,0.0,0.0,0.0,0.0,0.0,0.0,0.0,0.0,0.0,0.0,0.0
170,2025-12-17 16:00:15+00:00,675.15,5.179,113.79999999999995,5112,325,0.0,157,100,running,0.0,1,42,157,65,542907648.0,-1465377114.0,38147.0,86.5,168.0,5.56,1553.0,0,0,0,0,0,0,0,0,0,0,0,0,0.0,0.0,0.0,0.0,0.0,0.0,0.0,0.0,0.0,0.0,0.0,0.0,0.0,0.0,0.0,0.0,0.0,0.0
171,2025-12-17 16:00:16+00:00,680.21,5.188,114.0,5189,326,0.0,157,100,running,0.0,1,42,157,65,542908234.0,-1465376937.0,38473.0,86.4,168.0,5.55,1556.0,0,0,0,0,0,0,0,0,0,0,0,0,0.0,0.0,0.0,0.0,0.0,0.0,0.0,0.0,0.0,0.0,0.0,0.0,0.0,0.0,0.0,0.0,0.0,0.0
172,2025-12-17 16:00:17+00:00,684.96,5.095,113.79999999999995,5096,312,0.0,158,100,running,0.0,1,46,158,65,542908680.0,-1465376836.0,38785.0,86.7,168.0,5.67,1528.0,0,0,0,0,0,0,0,0,0,0,0,0,0.0,0.0,0.0,0.0,0.0,0.0,0.0,0.0,0.0,0.0,0.0,0.0,0.0,0.0,0.0,0.0,0.0,0.0
173,2025-12-17 16:00:18+00:00,688.58,5.085,113.79999999999995,5087,311,0.0,158,100,running,0.0,1,46,158,65,542909126.0,-1465376824.0,39096.0,86.7,168.0,5.68,1525.0,0,0,0,0,0,0,0,0,0,0,0,0,0.0,0.0,0.0,0.0,0.0,0.0,0.0,0.0,0.0,0.0,0.0,0.0,0.0,0.0,0.0,0.0,0.0,0.0
174,2025-12-17 16:00:19+00:00,694.24,5.039,113.79999999999995,5040,309,0.0,158,100,running,0.0,1,46,158,65,542909823.0,-1465376907.0,39405.0,86.8,168.0,5.74,1511.0,0,0,0,0,0,0,0,0,0,0,0,0,0.0,0.0,0.0,0.0,0.0,0.0,0.0,0.0,0.0,0.0,0.0,0.0,0.0,0.0,0.0,0.0,0.0,0.0
175,2025-12-17 16:00:20+00:00,700.74,4.983,113.60000000000002,4984,308,0.0,158,100,running,0.0,1,46,158,65,542910376.0,-1465377170.0,39713.0,86.9,168.0,5.81,1494.0,0,0,0,0,0,0,0,0,0,0,0,0,0.0,0.0,0.0,0.0,0.0,0.0,0.0,0.0,0.0,0.0,0.0,0.0,0.0,0.0,0.0,0.0,0.0,0.0
176,2025-12-17 16:00:21+00:00,705.23,4.983,113.60000000000002,4984,308,0.0,157,100,running,0.0,1,45,157,65,542910852.0,-1465377317.0,40021.0,86.9,168.0,5.81,1494.0,0,0,0,0,0,0,0,0,0,0,0,0,0.0,0.0,0.0,0.0,0.0,0.0,0.0,0.0,0.0,0.0,0.0,0.0,0.0,0.0,0.0,0.0,0.0,0.0
177,2025-12-17 16:00:22+00:00,711.52,5.085,113.60000000000002,5063,314,0.0,158,99,running,0.0,1,46,158,65,542911547.0,-1465377620.0,40335.0,88.3,170.0,5.73,1540.0,0,0,0,0,0,0,0,0,0,0,0,0,0.0,0.0,0.0,0.0,0.0,0.0,0.0,0.0,0.0,0.0,0.0,0.0,0.0,0.0,0.0,0.0,0.0,0.0
178,2025-12-17 16:00:23+00:00,716.75,5.197,113.60000000000002,5174,329,0.0,158,99,running,0.0,1,46,158,65,542911981.0,-1465377966.0,40664.0,88.0,170.0,5.59,1574.0,0,0,0,0,0,0,0,0,0,0,0,0,0.0,0.0,0.0,0.0,0.0,0.0,0.0,0.0,0.0,0.0,0.0,0.0,0.0,0.0,0.0,0.0,0.0,0.0
179,2025-12-17 16:00:24+00:00,720.63,5.141,113.60000000000002,5119,325,0.0,158,100,running,0.0,1,46,158,65,542912336.0,-1465378173.0,40989.0,86.6,168.0,5.61,1542.0,0,0,0,0,0,0,0,0,0,0,0,0,0.0,0.0,0.0,0.0,0.0,0.0,0.0,0.0,0.0,0.0,0.0,0.0,0.0,0.0,0.0,0.0,0.0,0.0
180,2025-12-17 16:00:25+00:00,724.84,5.141,113.60000000000002,5119,324,0.0,158,100,running,0.0,1,46,158,65,542912777.0,-1465378693.0,41313.0,86.6,168.0,5.61,1542.0,0,0,0,0,0,0,0,0,0,0,0,0,0.0,0.0,0.0,0.0,0.0,0.0,0.0,0.0,0.0,0.0,0.0,0.0,0.0,0.0,0.0,0.0,0.0,0.0
181,2025-12-17 16:00:26+00:00,729.2,4.609,113.60000000000002,4589,293,,158,100,running,0.0,1,46,158,65,542913119.0,-1465379184.0,41606.0,84.3,179.0,6.09,1382.0,0,0,0,0,0,0,0,0,0,0,0,0,0.0,0.0,0.0,0.0,0.0,0.0,0.0,0.0,0.0,0.0,0.0,0.0,0.0,0.0,0.0,0.0,0.0,0.0
182,2025-12-17 16:00:27+00:00,733.28,4.609,113.60000000000002,4589,292,0.0,159,100,running,0.0,1,46,159,65,542913389.0,-1465379709.0,41898.0,84.3,179.0,6.09,1382.0,0,0,0,0,0,0,0,0,0,0,0,0,0.0,0.0,0.0,0.0,0.0,0.0,0.0,0.0,0.0,0.0,0.0,0.0,0.0,0.0,0.0,0.0,0.0,0.0
183,2025-12-17 16:00:28+00:00,737.63,4.609,113.60000000000002,4605,291,0.0,159,100,running,0.0,1,46,159,65,542913567.0,-1465380344.0,42189.0,84.3,179.0,6.09,1382.0,0,0,0,0,0,0,0,0,0,0,0,0,0.0,0.0,0.0,0.0,0.0,0.0,0.0,0.0,0.0,0.0,0.0,0.0,0.0,0.0,0.0,0.0,0.0,0.0
184,2025-12-17 16:00:29+00:00,742.66,4.628,113.60000000000002,4623,289,0.0,159,100,running,0.0,1,46,159,65,542913637.0,-1465381186.0,42478.0,84.5,178.0,6.09,1388.0,0,0,0,0,0,0,0,0,0,0,0,0,0.0,0.0,0.0,0.0,0.0,0.0,0.0,0.0,0.0,0.0,0.0,0.0,0.0,0.0,0.0,0.0,0.0,0.0
185,2025-12-17 16:00:30+00:00,746.92,4.619,113.60000000000002,4614,288,,159,100,running,0.0,1,46,159,65,542913739.0,-1465381851.0,42766.0,84.3,179.0,6.08,1385.0,0,0,0,0,0,0,0,0,0,0,0,0,0.0,0.0,0.0,0.0,0.0,0.0,0.0,0.0,0.0,0.0,0.0,0.0,0.0,0.0,0.0,0.0,0.0,0.0
186,2025-12-17 16:00:31+00:00,752.74,4.721,113.60000000000002,4721,294,0.0,159,100,running,0.0,1,46,159,65,542913710.0,-1465382800.0,43060.0,85.0,176.0,6.0,1416.0,0,0,0,0,0,0,0,0,0,0,0,0,0.0,0.0,0.0,0.0,0.0,0.0,0.0,0.0,0.0,0.0,0.0,0.0,0.0,0.0,0.0,0.0,0.0,0.0
187,2025-12-17 16:00:32+00:00,759.1,4.777,113.60000000000002,4777,295,0.0,159,100,running,0.0,1,46,159,65,542913505.0,-1465383674.0,43355.0,85.5,174.0,5.96,1433.0,0,0,0,0,0,0,0,0,0,0,0,0,0.0,0.0,0.0,0.0,0.0,0.0,0.0,0.0,0.0,0.0,0.0,0.0,0.0,0.0,0.0,0.0,0.0,0.0
188,2025-12-17 16:00:33+00:00,763.75,4.936,113.60000000000002,4936,306,0.0,159,100,running,0.0,1,46,159,65,542913311.0,-1465384349.0,43661.0,86.4,170.0,5.83,1480.0,0,0,0,0,0,0,0,0,0,0,0,0,0.0,0.0,0.0,0.0,0.0,0.0,0.0,0.0,0.0,0.0,0.0,0.0,0.0,0.0,0.0,0.0,0.0,0.0
189,2025-12-17 16:00:34+00:00,768.79,5.057,113.60000000000002,5052,315,0.0,159,100,running,0.0,1,46,159,65,542913036.0,-1465385062.0,43976.0,86.7,168.0,5.72,1517.0,0,0,0,0,0,0,0,0,0,0,0,0,0.0,0.0,0.0,0.0,0.0,0.0,0.0,0.0,0.0,0.0,0.0,0.0,0.0,0.0,0.0,0.0,0.0,0.0
190,2025-12-17 16:00:35+00:00,776.2,5.057,113.60000000000002,5052,308,0.0,159,100,running,0.0,1,46,159,65,542912628.0,-1465385924.0,44284.0,86.7,168.0,5.72,1517.0,0,0,0,0,0,0,0,0,0,0,0,0,0.0,0.0,0.0,0.0,0.0,0.0,0.0,0.0,0.0,0.0,0.0,0.0,0.0,0.0,0.0,0.0,0.0,0.0
191,2025-12-17 16:00:36+00:00,781.35,5.048,113.79999999999995,5043,302,0.0,159,100,running,0.0,1,46,159,65,542912276.0,-1465386506.0,44586.0,86.8,168.0,5.73,1514.0,0,0,0,0,0,0,0,0,0,0,0,0,0.0,0.0,0.0,0.0,0.0,0.0,0.0,0.0,0.0,0.0,0.0,0.0,0.0,0.0,0.0,0.0,0.0,0.0
192,2025-12-17 16:00:37+00:00,786.64,5.048,113.79999999999995,5030,291,0.0,159,100,running,0.0,1,46,159,65,542911853.0,-1465387109.0,44877.0,86.8,168.0,5.73,1514.0,0,0,0,0,0,0,0,0,0,0,0,0,0.0,0.0,0.0,0.0,0.0,0.0,0.0,0.0,0.0,0.0,0.0,0.0,0.0,0.0,0.0,0.0,0.0,0.0
193,2025-12-17 16:00:38+00:00,793.17,5.057,113.79999999999995,5039,284,0.0,160,100,running,0.0,1,49,160,65,542911399.0,-1465387714.0,45161.0,86.7,168.0,5.72,1517.0,0,0,0,0,0,0,0,0,0,0,0,0,0.0,0.0,0.0,0.0,0.0,0.0,0.0,0.0,0.0,0.0,0.0,0.0,0.0,0.0,0.0,0.0,0.0,0.0
194,2025-12-17 16:00:39+00:00,798.32,5.076,113.79999999999995,5058,284,0.0,160,100,running,0.0,1,49,160,65,542910922.0,-1465388040.0,45445.0,86.7,168.0,5.69,1522.0,0,0,0,0,0,0,0,0,0,0,0,0,0.0,0.0,0.0,0.0,0.0,0.0,0.0,0.0,0.0,0.0,0.0,0.0,0.0,0.0,0.0,0.0,0.0,0.0
195,2025-12-17 16:00:40+00:00,803.9,5.169,113.60000000000002,5151,293,0.0,160,99,running,0.0,1,49,160,65,542910315.0,-1465388488.0,45738.0,88.1,170.0,5.62,1566.0,0,0,0,0,0,0,0,0,0,0,0,0,0.0,0.0,0.0,0.0,0.0,0.0,0.0,0.0,0.0,0.0,0.0,0.0,0.0,0.0,0.0,0.0,0.0,0.0
196,2025-12-17 16:00:41+00:00,810.66,5.169,113.60000000000002,5151,291,0.0,159,99,running,0.0,1,44,159,65,542909695.0,-1465388820.0,46029.0,88.1,170.0,5.62,1566.0,0,0,0,0,0,0,0,0,0,0,0,0,0.0,0.0,0.0,0.0,0.0,0.0,0.0,0.0,0.0,0.0,0.0,0.0,0.0,0.0,0.0,0.0,0.0,0.0
197,2025-12-17 16:00:42+00:00,816.58,5.188,113.79999999999995,5169,292,0.0,160,99,running,0.0,1,45,160,65,542909131.0,-1465389160.0,46321.0,88.1,170.0,5.6,1572.0,0,0,0,0,0,0,0,0,0,0,0,0,0.0,0.0,0.0,0.0,0.0,0.0,0.0,0.0,0.0,0.0,0.0,0.0,0.0,0.0,0.0,0.0,0.0,0.0
198,2025-12-17 16:00:43+00:00,822.81,5.263,113.79999999999995,5258,297,0.0,160,99,running,0.0,1,45,160,65,542908497.0,-1465389288.0,46618.0,87.9,170.0,5.51,1594.0,0,0,0,0,0,0,0,0,0,0,0,0,0.0,0.0,0.0,0.0,0.0,0.0,0.0,0.0,0.0,0.0,0.0,0.0,0.0,0.0,0.0,0.0,0.0,0.0
199,2025-12-17 16:00:44+00:00,829.48,5.291,113.79999999999995,5286,294,0.0,160,99,running,0.0,1,45,160,65,542907890.0,-1465389520.0,46912.0,87.8,170.0,5.47,1603.0,0,0,0,0,0,0,0,0,0,0,0,0,0.0,0.0,0.0,0.0,0.0,0.0,0.0,0.0,0.0,0.0,0.0,0.0,0.0,0.0,0.0,0.0,0.0,0.0
200,2025-12-17 16:00:45+00:00,834.57,5.318,113.79999999999995,5314,297,0.0,160,99,running,0.0,1,45,160,65,542907396.0,-1465389807.0,47209.0,87.7,170.0,5.44,1611.0,0,0,0,0,0,0,0,0,0,0,0,0,0.0,0.0,0.0,0.0,0.0,0.0,0.0,0.0,0.0,0.0,0.0,0.0,0.0,0.0,0.0,0.0,0.0,0.0
201,2025-12-17 16:00:46+00:00,840.07,5.318,113.79999999999995,5322,296,0.0,160,99,running,0.0,1,45,160,65,542906847.0,-1465390042.0,47505.0,87.7,170.0,5.44,1611.0,0,0,0,0,0,0,0,0,0,0,0,0,0.0,0.0,0.0,0.0,0.0,0.0,0.0,0.0,0.0,0.0,0.0,0.0,0.0,0.0,0.0,0.0,0.0,0.0
202,2025-12-17 16:00:47+00:00,844.91,5.374,113.79999999999995,5378,298,,160,98,running,0.0,1,45,160,65,542906361.0,-1465390224.0,47803.0,87.5,170.0,5.37,1628.0,0,0,0,0,0,0,0,0,0,0,0,0,0.0,0.0,0.0,0.0,0.0,0.0,0.0,0.0,0.0,0.0,0.0,0.0,0.0,0.0,0.0,0.0,0.0,0.0
203,2025-12-17 16:00:48+00:00,849.49,5.216,114.0,5227,288,0.0,160,98,running,0.0,1,45,160,65,542905818.0,-1465390534.0,48091.0,89.6,172.0,5.61,1596.0,0,0,0,0,0,0,0,0,0,0,0,0,0.0,0.0,0.0,0.0,0.0,0.0,0.0,0.0,0.0,0.0,0.0,0.0,0.0,0.0,0.0,0.0,0.0,0.0
204,2025-12-17 16:00:49+00:00,855.7,5.141,113.79999999999995,5152,287,,160,98,running,0.0,1,45,160,65,542905209.0,-1465390922.0,48378.0,89.9,172.0,5.71,1573.0,0,0,0,0,0,0,0,0,0,0,0,0,0.0,0.0,0.0,0.0,0.0,0.0,0.0,0.0,0.0,0.0,0.0,0.0,0.0,0.0,0.0,0.0,0.0,0.0
205,2025-12-17 16:00:50+00:00,861.4,5.141,114.0,5152,288,0.0,160,98,running,0.0,1,45,160,65,542904688.0,-1465391201.0,48666.0,89.9,172.0,5.71,1573.0,0,0,0,0,0,0,0,0,0,0,0,0,0.0,0.0,0.0,0.0,0.0,0.0,0.0,0.0,0.0,0.0,0.0,0.0,0.0,0.0,0.0,0.0,0.0,0.0
206,2025-12-17 16:00:51+00:00,866.89,5.458,114.0,5470,305,0.0,160,99,running,0.0,1,45,160,65,542904161.0,-1465391649.0,48971.0,88.9,172.0,5.32,1670.0,0,0,0,0,0,0,0,0,0,0,0,0,0.0,0.0,0.0,0.0,0.0,0.0,0.0,0.0,0.0,0.0,0.0,0.0,0.0,0.0,0.0,0.0,0.0,0.0
207,2025-12-17 16:00:52+00:00,872.49,5.468,113.79999999999995,5479,315,0.0,160,99,running,0.0,1,45,160,65,542903606.0,-1465392076.0,49286.0,87.2,170.0,5.26,1656.0,0,0,0,0,0,0,0,0,0,0,0,0,0.0,0.0,0.0,0.0,0.0,0.0,0.0,0.0,0.0,0.0,0.0,0.0,0.0,0.0,0.0,0.0,0.0,0.0
208,2025-12-17 16:00:53+00:00,877.57,5.458,113.79999999999995,5470,319,0.0,160,99,running,0.0,1,45,160,65,542903147.0,-1465392475.0,49605.0,87.2,170.0,5.27,1654.0,0,0,0,0,0,0,0,0,0,0,0,0,0.0,0.0,0.0,0.0,0.0,0.0,0.0,0.0,0.0,0.0,0.0,0.0,0.0,0.0,0.0,0.0,0.0,0.0
209,2025-12-17 16:00:54+00:00,883.02,5.458,114.0,5474,319,0.0,160,99,running,0.0,1,45,160,65,542902570.0,-1465392849.0,49924.0,87.2,170.0,5.27,1654.0,0,0,0,0,0,0,0,0,0,0,0,0,0.0,0.0,0.0,0.0,0.0,0.0,0.0,0.0,0.0,0.0,0.0,0.0,0.0,0.0,0.0,0.0,0.0,0.0
210,2025-12-17 16:00:55+00:00,887.86,5.384,114.0,5399,295,0.0,160,100,running,0.0,1,45,160,65,542902162.0,-1465393117.0,50219.0,85.9,168.0,5.32,1615.0,0,0,0,0,0,0,0,0,0,0,0,0,0.0,0.0,0.0,0.0,0.0,0.0,0.0,0.0,0.0,0.0,0.0,0.0,0.0,0.0,0.0,0.0,0.0,0.0
211,2025-12-17 16:00:56+00:00,892.67,5.384,114.0,5399,295,0.0,160,100,running,0.0,1,45,160,65,542901650.0,-1465393297.0,50514.0,85.9,168.0,5.32,1615.0,0,0,0,0,0,0,0,0,0,0,0,0,0.0,0.0,0.0,0.0,0.0,0.0,0.0,0.0,0.0,0.0,0.0,0.0,0.0,0.0,0.0,0.0,0.0,0.0
212,2025-12-17 16:00:57+00:00,896.07,5.328,114.0,5445,292,0.0,159,100,running,0.0,1,44,159,65,542901328.0,-1465393362.0,50806.0,86.1,168.0,5.38,1598.0,0,0,0,0,0,0,0,0,0,0,0,0,0.0,0.0,0.0,0.0,0.0,0.0,0.0,0.0,0.0,0.0,0.0,0.0,0.0,0.0,0.0,0.0,0.0,0.0
213,2025-12-17 16:00:58+00:00,899.23,4.992,114.0,5101,280,0.0,160,100,running,0.0,1,44,160,65,542901011.0,-1465393492.0,51086.0,86.9,168.0,5.8,1497.0,0,0,0,0,0,0,0,0,0,0,0,0,0.0,0.0,0.0,0.0,0.0,0.0,0.0,0.0,0.0,0.0,0.0,0.0,0.0,0.0,0.0,0.0,0.0,0.0
214,2025-12-17 16:00:59+00:00,901.66,4.357,114.0,4453,261,0.0,160,100,running,0.0,1,44,160,65,542900738.0,-1465393538.0,51347.0,82.4,186.0,6.3,1307.0,0,0,0,0,0,0,0,0,0,0,0,0,0.0,0.0,0.0,0.0,0.0,0.0,0.0,0.0,0.0,0.0,0.0,0.0,0.0,0.0,0.0,0.0,0.0,0.0
215,2025-12-17 16:01:00+00:00,903.09,4.189,114.20000000000005,4281,252,0.0,159,100,running,0.0,1,45,159,65,542900573.0,-1465393624.0,51599.0,81.0,191.0,6.44,1256.0,0,0,0,0,0,0,0,0,0,0,0,0,0.0,0.0,0.0,0.0,0.0,0.0,0.0,0.0,0.0,0.0,0.0,0.0,0.0,0.0,0.0,0.0,0.0,0.0
216,2025-12-17 16:01:01+00:00,905.46,3.434,114.20000000000005,3509,208,0.0,160,100,running,0.0,1,45,160,65,542900484.0,-1465393777.0,51807.0,73.9,211.0,7.17,1030.0,0,0,0,0,0,0,0,0,0,0,0,0,0.0,0.0,0.0,0.0,0.0,0.0,0.0,0.0,0.0,0.0,0.0,0.0,0.0,0.0,0.0,0.0,0.0,0.0
217,2025-12-17 16:01:02+00:00,905.46,2.575,114.39999999999998,2632,157,0.0,160,100,running,0.0,1,45,160,65,542900489.0,-1465393793.0,51964.0,63.5,232.0,8.22,772.0,0,0,0,0,0,0,0,0,0,0,0,0,0.0,0.0,0.0,0.0,0.0,0.0,0.0,0.0,0.0,0.0,0.0,0.0,0.0,0.0,0.0,0.0,0.0,0.0
218,2025-12-17 16:01:03+00:00,906.32,2.305,114.39999999999998,2355,141,618.62,159,100,running,0.0,1,46,159,65,542900639.0,-1465393741.0,52105.0,59.8,238.0,8.65,691.0,0,0,0,0,0,0,0,0,0,0,0,0,0.0,0.0,0.0,0.0,0.0,0.0,0.0,0.0,0.0,0.0,0.0,0.0,0.0,0.0,0.0,0.0,0.0,0.0
219,2025-12-17 16:01:04+00:00,906.6,1.129,114.20000000000005,1154,79,0.0,160,100,running,0.0,1,46,160,65,542900601.0,-1465393646.0,52184.0,41.9,264.0,,,0,0,0,0,0,0,0,0,0,0,0,0,0.0,0.0,0.0,0.0,0.0,0.0,0.0,0.0,0.0,0.0,0.0,0.0,0.0,0.0,0.0,0.0,0.0,0.0
220,2025-12-17 16:01:05+00:00,906.6,1.026,114.20000000000005,1049,75,598.15,159,100,running,0.0,1,46,159,65,542900698.0,-1465393667.0,52259.0,40.4,266.0,,,0,0,0,0,0,0,0,0,0,0,0,0,0.0,0.0,0.0,0.0,0.0,0.0,0.0,0.0,0.0,0.0,0.0,0.0,0.0,0.0,0.0,0.0,0.0,0.0
221,2025-12-17 16:01:06+00:00,907.51,1.026,114.20000000000005,1049,77,598.15,159,100,running,0.0,1,46,159,65,542900784.0,-1465393707.0,52336.0,40.4,266.0,,,0,0,0,0,0,0,0,0,0,0,0,0,0.0,0.0,0.0,0.0,0.0,0.0,0.0,0.0,0.0,0.0,0.0,0.0,0.0,0.0,0.0,0.0,0.0,0.0
222,2025-12-17 16:01:07+00:00,908.03,0.849,114.20000000000005,868,0,596.58,159,0,running,0.0,1,46,159,65,542900824.0,-1465393704.0,52336.0,,,,,0,0,0,0,0,0,0,0,0,0,0,0,0.0,0.0,0.0,0.0,0.0,0.0,0.0,0.0,0.0,0.0,0.0,0.0,0.0,0.0,0.0,0.0,0.0,0.0
223,2025-12-17 16:01:08+00:00,908.33,0.0,114.20000000000005,0,0,596.58,160,0,running,0.0,1,46,160,65,542900870.0,-1465393703.0,52336.0,,,,,0,0,0,0,0,0,0,0,0,0,0,0,0.0,0.0,0.0,0.0,0.0,0.0,0.0,0.0,0.0,0.0,0.0,0.0,0.0,0.0,0.0,0.0,0.0,0.0
224,2025-12-17 16:01:09+00:00,908.33,0.0,114.20000000000005,0,0,596.58,160,0,running,0.0,1,46,160,65,542900918.0,-1465393710.0,52336.0,,,,,0,0,0,0,0,0,0,0,0,0,0,0,0.0,0.0,0.0,0.0,0.0,0.0,0.0,0.0,0.0,0.0,0.0,0.0,0.0,0.0,0.0,0.0,0.0,0.0
225,2025-12-17 16:01:10+00:00,908.98,0.0,114.20000000000005,0,0,596.58,160,0,running,0.0,1,46,160,65,542900983.0,-1465393639.0,52336.0,,,,,0,0,0,0,0,0,0,0,0,0,0,0,0.0,0.0,0.0,0.0,0.0,0.0,0.0,0.0,0.0,0.0,0.0,0.0,0.0,0.0,0.0,0.0,0.0,0.0
226,2025-12-17 16:01:11+00:00,910.09,0.0,114.20000000000005,0,0,596.58,160,0,running,0.0,1,46,160,65,542901114.0,-1465393672.0,52336.0,,,,,0,0,0,0,0,0,0,0,0,0,0,0,0.0,0.0,0.0,0.0,0.0,0.0,0.0,0.0,0.0,0.0,0.0,0.0,0.0,0.0,0.0,0.0,0.0,0.0
227,2025-12-17 16:01:12+00:00,911.89,0.0,114.20000000000005,0,0,0.0,161,0,running,0.0,1,36,161,65,542901196.0,-1465393674.0,52336.0,,,,,0,0,0,0,0,0,0,0,0,0,0,0,0.0,0.0,0.0,0.0,0.0,0.0,0.0,0.0,0.0,0.0,0.0,0.0,0.0,0.0,0.0,0.0,0.0,0.0
228,2025-12-17 16:01:13+00:00,912.31,0.886,114.20000000000005,906,0,596.58,161,0,running,0.0,1,36,161,65,542901330.0,-1465393717.0,52336.0,,,,,0,0,0,0,0,0,0,0,0,0,0,0,0.0,0.0,0.0,0.0,0.0,0.0,0.0,0.0,0.0,0.0,0.0,0.0,0.0,0.0,0.0,0.0,0.0,0.0
229,2025-12-17 16:01:14+00:00,913.17,0.886,114.20000000000005,906,0,596.58,161,0,running,0.0,1,36,161,65,542901399.0,-1465393723.0,52336.0,,,,,0,0,0,0,0,0,0,0,0,0,0,0,0.0,0.0,0.0,0.0,0.0,0.0,0.0,0.0,0.0,0.0,0.0,0.0,0.0,0.0,0.0,0.0,0.0,0.0
230,2025-12-17 16:01:15+00:00,914.05,0.0,114.20000000000005,0,0,596.58,162,0,running,0.0,1,19,162,65,542901542.0,-1465393738.0,52336.0,,,,,0,0,0,0,0,0,0,0,0,0,0,0,0.0,0.0,0.0,0.0,0.0,0.0,0.0,0.0,0.0,0.0,0.0,0.0,0.0,0.0,0.0,0.0,0.0,0.0
231,2025-12-17 16:01:16+00:00,915.13,0.0,114.20000000000005,0,0,596.58,161,44,running,0.0,1,20,161,65,542901659.0,-1465393734.0,52336.0,,,,,0,0,0,0,0,0,0,0,0,0,0,0,0.0,0.0,0.0,0.0,0.0,0.0,0.0,0.0,0.0,0.0,0.0,0.0,0.0,0.0,0.0,0.0,0.0,0.0
232,2025-12-17 16:01:17+00:00,916.0,0.588,114.0,601,36,596.58,161,44,running,0.0,1,20,161,65,542901777.0,-1465393737.0,52372.0,52.0,,,,0,0,0,0,0,0,0,0,0,0,0,0,0.0,0.0,0.0,0.0,0.0,0.0,0.0,0.0,0.0,0.0,0.0,0.0,0.0,0.0,0.0,0.0,0.0,0.0
233,2025-12-17 16:01:18+00:00,916.96,0.849,114.0,868,41,598.15,161,44,running,0.0,1,20,161,65,542901906.0,-1465393733.0,52413.0,54.2,,,,0,0,0,0,0,0,0,0,0,0,0,0,0.0,0.0,0.0,0.0,0.0,0.0,0.0,0.0,0.0,0.0,0.0,0.0,0.0,0.0,0.0,0.0,0.0,0.0
234,2025-12-17 16:01:19+00:00,918.29,0.849,114.0,868,13,596.58,161,0,running,0.0,1,20,161,65,542902021.0,-1465393712.0,52413.0,,,,,0,0,0,0,0,0,0,0,0,0,0,0,0.0,0.0,0.0,0.0,0.0,0.0,0.0,0.0,0.0,0.0,0.0,0.0,0.0,0.0,0.0,0.0,0.0,0.0
235,2025-12-17 16:01:20+00:00,919.52,0.233,114.0,238,13,596.58,161,0,running,0.0,1,20,161,65,542902157.0,-1465393718.0,52413.0,,,,,0,0,0,0,0,0,0,0,0,0,0,0,0.0,0.0,0.0,0.0,0.0,0.0,0.0,0.0,0.0,0.0,0.0,0.0,0.0,0.0,0.0,0.0,0.0,0.0
236,2025-12-17 16:01:21+00:00,920.83,0.233,114.0,238,13,618.62,160,51,running,0.5,1,31,160,65,542902286.0,-1465393731.0,52452.0,49.2,,,,0,0,0,0,0,0,0,0,0,0,0,0,0.0,0.0,0.0,0.0,0.0,0.0,0.0,0.0,0.0,0.0,0.0,0.0,0.0,0.0,0.0,0.0,0.0,0.0
237,2025-12-17 16:01:22+00:00,922.31,0.392,114.0,400,42,638.38,160,52,running,0.5,1,31,160,65,542902348.0,-1465393772.0,52494.0,50.5,,,,0,0,0,0,0,0,0,0,0,0,0,0,0.0,0.0,0.0,0.0,0.0,0.0,0.0,0.0,0.0,0.0,0.0,0.0,0.0,0.0,0.0,0.0,0.0,0.0
238,2025-12-17 16:01:23+00:00,922.7,0.551,114.20000000000005,559,44,0.0,159,52,running,0.5,1,34,159,65,542902382.0,-1465393755.0,52538.0,51.7,,,,0,0,0,0,0,0,0,0,0,0,0,0,0.0,0.0,0.0,0.0,0.0,0.0,0.0,0.0,0.0,0.0,0.0,0.0,0.0,0.0,0.0,0.0,0.0,0.0
239,2025-12-17 16:01:24+00:00,923.12,0.709,114.20000000000005,720,49,0.0,159,52,running,0.5,1,34,159,65,542902501.0,-1465393816.0,52587.0,53.0,,,,0,0,0,0,0,0,0,0,0,0,0,0,0.0,0.0,0.0,0.0,0.0,0.0,0.0,0.0,0.0,0.0,0.0,0.0,0.0,0.0,0.0,0.0,0.0,0.0
240,2025-12-17 16:01:25+00:00,923.95,0.709,114.20000000000005,720,42,0.0,159,43,running,0.0,1,34,159,65,542902605.0,-1465393788.0,52629.0,53.0,,,,0,0,0,0,0,0,0,0,0,0,0,0,0.0,0.0,0.0,0.0,0.0,0.0,0.0,0.0,0.0,0.0,0.0,0.0,0.0,0.0,0.0,0.0,0.0,0.0
241,2025-12-17 16:01:26+00:00,924.95,0.588,114.20000000000005,596,0,0.0,159,0,running,0.0,1,34,159,65,542902657.0,-1465393753.0,52629.0,,,,,0,0,0,0,0,0,0,0,0,0,0,0,0.0,0.0,0.0,0.0,0.0,0.0,0.0,0.0,0.0,0.0,0.0,0.0,0.0,0.0,0.0,0.0,0.0,0.0
242,2025-12-17 16:01:27+00:00,925.14,0.0,114.20000000000005,0,0,0.0,160,0,running,0.0,1,39,160,65,542902677.0,-1465393728.0,52629.0,,,,,0,0,0,0,0,0,0,0,0,0,0,0,0.0,0.0,0.0,0.0,0.0,0.0,0.0,0.0,0.0,0.0,0.0,0.0,0.0,0.0,0.0,0.0,0.0,0.0
243,2025-12-17 16:01:28+00:00,926.15,0.0,114.20000000000005,0,0,0.0,161,0,running,0.0,1,34,161,65,542902750.0,-1465393752.0,52629.0,,,,,0,0,0,0,0,0,0,0,0,0,0,0,0.0,0.0,0.0,0.0,0.0,0.0,0.0,0.0,0.0,0.0,0.0,0.0,0.0,0.0,0.0,0.0,0.0,0.0
244,2025-12-17 16:01:29+00:00,926.16,0.0,114.20000000000005,0,0,0.0,161,0,running,0.0,1,34,161,65,542902791.0,-1465393742.0,52629.0,,,,,0,0,0,0,0,0,0,0,0,0,0,0,0.0,0.0,0.0,0.0,0.0,0.0,0.0,0.0,0.0,0.0,0.0,0.0,0.0,0.0,0.0,0.0,0.0,0.0
245,2025-12-17 16:01:30+00:00,926.16,0.0,114.20000000000005,0,0,0.0,161,0,running,0.0,1,34,161,65,542902759.0,-1465393740.0,52629.0,,,,,0,0,0,0,0,0,0,0,0,0,0,0,0.0,0.0,0.0,0.0,0.0,0.0,0.0,0.0,0.0,0.0,0.0,0.0,0.0,0.0,0.0,0.0,0.0,0.0
246,2025-12-17 16:01:31+00:00,926.45,0.0,114.20000000000005,0,0,0.0,160,0,running,0.0,1,40,160,65,542902754.0,-1465393761.0,52629.0,,,,,0,0,0,0,0,0,0,0,0,0,0,0,0.0,0.0,0.0,0.0,0.0,0.0,0.0,0.0,0.0,0.0,0.0,0.0,0.0,0.0,0.0,0.0,0.0,0.0
247,2025-12-17 16:01:32+00:00,927.41,0.0,114.20000000000005,0,0,0.0,160,0,running,0.0,1,40,160,65,542902749.0,-1465393751.0,52629.0,,,,,0,0,0,0,0,0,0,0,0,0,0,0,0.0,0.0,0.0,0.0,0.0,0.0,0.0,0.0,0.0,0.0,0.0,0.0,0.0,0.0,0.0,0.0,0.0,0.0
248,2025-12-17 16:01:33+00:00,927.41,0.0,114.39999999999998,0,0,0.0,160,0,running,0.0,1,40,160,65,542902739.0,-1465393761.0,52629.0,,,,,0,0,0,0,0,0,0,0,0,0,0,0,0.0,0.0,0.0,0.0,0.0,0.0,0.0,0.0,0.0,0.0,0.0,0.0,0.0,0.0,0.0,0.0,0.0,0.0
249,2025-12-17 16:01:34+00:00,927.41,0.0,114.39999999999998,0,0,0.0,160,0,running,0.0,1,40,160,65,542902650.0,-1465393801.0,52629.0,,,,,0,0,0,0,0,0,0,0,0,0,0,0,0.0,0.0,0.0,0.0,0.0,0.0,0.0,0.0,0.0,0.0,0.0,0.0,0.0,0.0,0.0,0.0,0.0,0.0
250,2025-12-17 16:01:35+00:00,927.41,0.0,114.39999999999998,0,0,0.0,160,0,running,0.0,1,40,160,65,542902635.0,-1465393801.0,52629.0,,,,,0,0,0,0,0,0,0,0,0,0,0,0,0.0,0.0,0.0,0.0,0.0,0.0,0.0,0.0,0.0,0.0,0.0,0.0,0.0,0.0,0.0,0.0,0.0,0.0
251,2025-12-17 16:01:36+00:00,927.91,0.0,114.39999999999998,0,0,0.0,159,0,running,0.0,1,45,159,65,542902639.0,-1465393829.0,52629.0,,,,,0,0,0,0,0,0,0,0,0,0,0,0,0.0,0.0,0.0,0.0,0.0,0.0,0.0,0.0,0.0,0.0,0.0,0.0,0.0,0.0,0.0,0.0,0.0,0.0
252,2025-12-17 16:01:37+00:00,927.91,0.0,114.39999999999998,0,0,0.0,159,0,running,0.0,1,45,159,65,542902558.0,-1465393944.0,52629.0,,,,,0,0,0,0,0,0,0,0,0,0,0,0,0.0,0.0,0.0,0.0,0.0,0.0,0.0,0.0,0.0,0.0,0.0,0.0,0.0,0.0,0.0,0.0,0.0,0.0
253,2025-12-17 16:01:38+00:00,928.03,0.0,114.20000000000005,0,0,,159,0,running,0.0,1,45,159,65,542902672.0,-1465394011.0,52629.0,,,,,0,0,0,0,0,0,0,0,0,0,0,0,0.0,0.0,0.0,0.0,0.0,0.0,0.0,0.0,0.0,0.0,0.0,0.0,0.0,0.0,0.0,0.0,0.0,0.0
254,2025-12-17 16:01:39+00:00,928.41,0.0,114.20000000000005,0,0,0.0,159,0,running,0.0,1,45,159,65,542902701.0,-1465394154.0,52629.0,,,,,0,0,0,0,0,0,0,0,0,0,0,0,0.0,0.0,0.0,0.0,0.0,0.0,0.0,0.0,0.0,0.0,0.0,0.0,0.0,0.0,0.0,0.0,0.0,0.0
255,2025-12-17 16:01:40+00:00,928.5,0.0,114.20000000000005,0,0,0.0,158,0,running,0.0,1,41,158,65,542902839.0,-1465394176.0,52629.0,,,,,0,0,0,0,0,0,0,0,0,0,0,0,0.0,0.0,0.0,0.0,0.0,0.0,0.0,0.0,0.0,0.0,0.0,0.0,0.0,0.0,0.0,0.0,0.0,0.0
256,2025-12-17 16:01:41+00:00,929.29,0.0,114.20000000000005,0,0,,158,0,running,0.0,1,41,158,65,542902732.0,-1465394199.0,52629.0,,,,,0,0,0,0,0,0,0,0,0,0,0,0,0.0,0.0,0.0,0.0,0.0,0.0,0.0,0.0,0.0,0.0,0.0,0.0,0.0,0.0,0.0,0.0,0.0,0.0
257,2025-12-17 16:01:42+00:00,929.29,0.0,114.20000000000005,0,0,0.0,158,0,running,0.0,1,41,158,65,542902626.0,-1465394239.0,52629.0,,,,,0,0,0,0,0,0,0,0,0,0,0,0,0.0,0.0,0.0,0.0,0.0,0.0,0.0,0.0,0.0,0.0,0.0,0.0,0.0,0.0,0.0,0.0,0.0,0.0
258,2025-12-17 16:01:43+00:00,929.29,0.0,114.39999999999998,0,0,0.0,157,0,running,0.0,1,44,157,65,542902651.0,-1465394266.0,52629.0,,,,,0,0,0,0,0,0,0,0,0,0,0,0,0.0,0.0,0.0,0.0,0.0,0.0,0.0,0.0,0.0,0.0,0.0,0.0,0.0,0.0,0.0,0.0,0.0,0.0
259,2025-12-17 16:01:44+00:00,929.35,0.0,114.39999999999998,0,0,0.0,157,0,running,0.0,1,44,157,65,542902814.0,-1465394492.0,52629.0,,,,,0,0,0,0,0,0,0,0,0,0,0,0,0.0,0.0,0.0,0.0,0.0,0.0,0.0,0.0,0.0,0.0,0.0,0.0,0.0,0.0,0.0,0.0,0.0,0.0
260,2025-12-17 16:01:45+00:00,930.7,0.0,114.39999999999998,0,0,0.0,157,0,running,0.0,1,44,157,65,542902962.0,-1465394547.0,52629.0,,,,,0,0,0,0,0,0,0,0,0,0,0,0,0.0,0.0,0.0,0.0,0.0,0.0,0.0,0.0,0.0,0.0,0.0,0.0,0.0,0.0,0.0,0.0,0.0,0.0
